English,Target,Predicted
shurooh,शुरूः,शुरूह
ajhar,अजहर,अझर
karaar,क़रार,करार
wpd,डब्ल्यूपीडी,वीपीडी
haashie,हाशिए,हाशी
udhed,उधेड़,उधेद
ekthi,इकठ्ठी,एक्ठी
idea,आईडिया,आईडीएआ
makerere,माकेरेरे,मकेरेरे
saboodaane,साबूदाने,सबूदाने
foohadta,फूहड़ता,फूहदता
sequent,सेक्वेंट,सिक्वेंट
shueb,शुऐब,श्यू
panihati,पानीहाटी,पनिहाटी
sametati,समेटती,समेतती
brahmlin,ब्रह्मलीन,ब्रह्मलिन
utaraadhikaaree,उतराधिकारी,उतराधिकारे
takreeban,तक़रीबन,तकरीबन
farrukhnagar,फर्रूखनगर,फर्रुखनगर
theinga,ठेंगा,थींगा
tyoiharon,त्यौहारों,त्यायोहरण
karneshvardhaam,कर्णेश्वरधाम,कर्नेश्वरम्
umanath,उमानाथ,उमनाथ
daanshil,दानशील,दाँशील
shantiniketan,शांतिनिकेतन,शान्तिनिकेत
panter,पंटर,पांट
kaarniyaan,कार्नियां,कार्णियाँ
modules,मॉड्यूल्स,मोड्यूल्स
rajouri,रजौरी,राजौर
sushrushaa,सुश्रुषा,सुशरुषा
shringaar,शृंगार,श्रृंग
laigikata,लैंगिकता,लैगितका
nineteez,नाइनटीज,निनेतीज
likhkar,लिखकर,लिखखर
eyarkandeeshnar,एयरकंडीशनर,इयारक्णीदश
quess,कुएस,क्वस
kaaragujaariyaan,कारगुजारियां,कारागुजारिया
gaangnam,गांगनाम,गागन्मा
tapia,तापीया,टापिया
tezpur,तेज़पुर,तेजपुर
talve,तलवे,तल्व
latakakar,लटककर,लटाका
patravaliyan,पत्रावलियां,पत्रवलियां
spinj,स्पिन्ज,स्पिंज
anshida,अनशिदा,अंशीदा
dejesus,डिजीसस,डेजेसस
saraaymohiuddinpur,सरायमोहिउद्दीनपुर,सरायमहोदीन्दूर
lowell,लॉवेल,लवेल
capacitor,कैपेसिटर,कैपिसेटर
passengerjind,पैसेंजरजींद,पैसेंजर्गिं
canterbury,कैंटरबरी,केंटरबीर
kaathiyavadi,काठियावड़ी,काठियावाड़
tekchandani,टेकचंदानी,टेकचंडानी
fisad,फ़ीसद,फिसाद
beraharamee,बेरहरमी,बेरहराम
nishkarshah,निष्कर्षः,निष्कर्शः
activities,ऐक्टिविटीज,एक्टिवीटीज
dablyoopeedee,डब्ल्यूपीडी,दबल्यूपीडी
pace,पेस,पीस
dastar,दस्तार,दस्तर
joddta,जोड़ता,जोड़दत
killat,किल्लत,किल्टा
gruhnagar,गृहनगर,ग्रहणग
vatar,वाटर,वतर
pashtun,पश्तून,पश्तुं
farm,फार्म,फ़र्म
dibanu,डिबनू,दीबान
uthapatak,उठापटक,उथपतक
laxmeeniyaan,लक्ष्मीनियां,लक्ष्मीनायाँ
mahaanagarawaasiyon,महानगरवासियों,महानगरावासियो
convention,कन्वेंशन,कन्वेनशन
sharp,शाॅर्प,शार्प
kaaryayojana,कार्ययोजना,कार्योजना
kurvetee,कुर्वेती,कुरवेती
jyaada,ज़यादा,ज्यादा
loksabhavalee,लोकसभावाली,लोकसभावली
vivekahin,विवेकहीन,विवेकाही
balmiki,बाल्मीकि,बाल्मिकी
haryana,हरयाणा,हरयाना
flynn,फ्लिन,फ़्लि
rana,राणा,रना
hairatangenz,हैरतअंगेज़,हैरातेंजें
takaleephadeh,तकलीफ़देह,तकलीपदेह
peepaadh,पीपाड़,पीपाढ़
dhabhaashaaraa,धभाशारा,धभाशरा
antdiyan,अंतडियां,अं्त्डिय
robin,राबिन,रोबिन
gumshudagi,गुमशुदगी,गुम्शुदग
lahlahaati,लहलहाती,लहलाहती
udanen,उड़ानें,उदानें
juloos,जूलूस,जुलूस
manto,मंटो,मान्
paimaish,पैमाइश,पैमैश
penshan,पेंषन,पेंशन
ogastaavestalaind,ऑगस्टावेस्टलैंड,ओगास्तवेसालेंव
centreeng,सैंट्रींग,सेंटरिंग
activa,ऐक्टिवा,एक्टिवा
valkan,वल्कन,वाल्क
vruton,वृत्तों,व्रुतों
kabaddi,कबड्डी,कबड़्द
raunakh,रौनक़,रौनाख
jangadnaa,जनगणना,जंगड़न
upakhyaanon,उपाख्यानों,उपख्यानों
sundram,सुंदरम,सुन्द्
cochin,कोचीन,कोचिन
phaliya,फालिया,फलिया
acevedo,एस्वेडो,एसेवेडो
kottayam,कोट्टयम,कोट्टाय
kurvi,कर्वी,कुर्व
saunpengi,सौंपेंगी,सौपंगे
lekhan,लेख़न,लेखन
gudepu,गुडेपु,गुदेपु
nubiya,नूबिया,नुबिया
taja,ताजा,तजा
qazi,काजी,काज़
eddy,एड्डी,एडीडी
nagine,नगीने,नागिन
subha,सुब्हा,सुभा
vijayapuram,विजयापुरम,विजयपुरम
bataao,बताअाे,बताओ
ochoa,ओकोआ,ओचोआ
bremerton,ब्रेमटन,ब्रेमर्
raalod,रालोद,रालोड
baadhaon,बाधाओं,बाध़ाओ
gaumutra,गौमूत्र,गौमुत्र
delhi,दिल्ली,देलही
suken,सुजेन,सुकेन
chimate,चिमाते,चिमते
rocket,र<unk>केट,रॉकेट
arymaa,अर्यमा,आर्मिय
bhulata,भूलता,भुलता
survin,सुरवीन,सर्विन
prapti,प्राप्ती,प्राप्ति
girivaasiyon,गिरिवासियों,गिरीवासियों
siducing,सिडयूसिंग,सिडुसिंग
muqarrar,मुक़र्रर,मुक्रार
denier,डेनिअर,डिनियर
cw,सीडब्ल्यू,सीवीएच
ghasi,घासी,घसी
dabochne,दबोचने,डबोचने
crosby,क्रॉस्बी,क्रोसबी
naameegiraamee,नामीगिरामी,नामीगरिमाम
hurley,हर्ले,हुर्ल
jarda,जर्दा,जारदा
liepradhanmantri,लिएप्रधानमंत्री,लीप्राधन्मरती
bhranti,भ्रांति,भ्रांती
agencyyon,ऐजेंसियों,अगेंज्यों
bago,बागो,बगो
forcee,फारसी,फोर्स
ginate,गिनते,जिनेट
sammpattiyaan,संम्पत्तियां,सम्पत्तियाँ
politheenon,पॉलिथीनों,पोलीथीनों
mtake,एमटेक,मटके
badabadee,बडबडी,बड़बा
laamiyaan,लामियां,लामियाँ
suhagin,सुहागिन,सुहागीन
saraikela,सरायकेला,सराईकेला
romeoville,रोमियोविल,रोमोविल
raajsthanvasiyon,राजस्थानवासियों,राजसथवानसियों
tel,तेल,टीए
galatfahmi,ग़लतफ़हमी,गलात्फहमी
takeinsider,टेकइनसाइडर,टेकीनसाइडर
microfiber,माइक्रोफाइबर,माइक्रोफाबर
fallujaa,फ़ल्लूजा,फल्लजा
donaldson,डोनल्डसन,डोनाल्डन
jeevvigyaaniyon,जीवविज्ञानियों,जीववज्ञानियों
awaazen,आवाज़ें,अवाज़ें
wlaad,व्लाद,व्लाड
prathmik,प्राथमिक,प्रथमिक
thenga,ठेंगा,थेंगा
excel,एक्सेल,एक्ससे
taaza,ताजा,ताज़
padani,पड़नी,पदनी
nichaai,नीचाई,निचाई
wausau,वौसौ,वौसा
jaljale,ज़लज़ले,जलजले
surat,सूरत,सुरत
jeevati,जीवति,जीवती
prahaarak,प्रहारक,प्रहरक
shreesadguru,श्रीसद्गुरु,श्रीसगदुरू
bhal,भाल,भल
tughlaq,तुगलक,तुगला
uthaapatak,उठापटक,उठापतक
hastaantaraneey,हस्तांतरणीय,हस्तान्रनी
utsaahawarddhan,उत्साहवर्द्धन,उत्साहवर्दन
sangoshtree,संगोष्ट्री,संगोष्टी
fatima,फातिमा,फतिमा
fode,फोड़े,फोड
kantinyoo,कंटिन्यू,कांतिन्य
kaamanaen,कामानाएं,कामनाएं
chutile,चुटीले,शुटीले
kranj,करंज,क्रं
barsata,बरसाता,बरसता
parikalpit,परिकल्पित,परिकाल्पि
maaoont,माऊंट,माओंत
biolozis,बायोलॉजिस्,बायोलाजिस
halisahar,हालिशहर,हालीसाह
janeudharee,जनेऊधारी,जानेध्री
bichbachaav,बीचबचाव,बिच्चाभ
aastin,आस्तीन,आस्तिन
buenaventura,ब्युनावेंचुरा,बुएनवेेतुरा
deccan,डेक्कन,डिकेन
seriw,सेरिव,सेरीव
pardaa,पर्दा,परदा
eastvale,ईस्टवेल,इस्ट्वे
hoaf,हॉफ,होआ
jarurih,जरूरीः,जरूरीह
rahya,रह्या,राह्य
mahkane,महकने,महकान
nielsen,नील्सन,नियलसे
bhira,भीरा,भिरा
chabutare,चबूतरे,चबुतरे
talkshow,टॉकशो,तल्कश
padhata,पढ़ाता,पढ़ता
trubyunal,ट्रिब्यूनल,ट्रुब्युनल
brock,ब्रोक,ब्रॉक
yallaappaa,यल्लाप्पा,यल्लप्पा
tasvaron,तस्वारों,तसवारों
tugalaki,तुगलकी,तुगाली
pick,पिक,पीक
circulation,सर्किलेशन,सर्कुलेशन
jvar,ज्वार,जेवर
kanindham,कनिंघम,कननन्ध
properfacebuk,प्रॉपरफेसबुक,प्रोपरफ़बेसब
ashrafi,अशरफी,अशराफ
vangchuk,वांगचुक,वांगुक
honeywell,हनीवेल,होनेवे
radiumdharmee,रेडियमधर्मी,रेडीयूध्मार
ladhege,लड़ेगे,लढेगे
arthshastriyon,अर्थशास्त्रीयों,अर्थशास्त्रियों
pontiac,पॉन्टिएक,पोन्टिया
lopez,लोपेज़,लोपेज
ambani,अम्बानी,अंबानी
hercules,हरक्यूलिस,हरक्यूल
sakshan,सक्शन,साक्ष
lagavaatee,लगवाती,लगवती
alive,अलाइव,अलीवे
jivant,जीवंत,जीवन्
fatahee,फटही,फतही
lalmanee,लालमणी,लल्मान
faisala,फ़ैसला,फैसला
krutyaa,कृत्या,क्रुत्
dhuan,धुआं,धुआन
ahuja,आहूजा,अहजूज
laffaajee,लफ्फाजी,लफ़ाजी
fulae,फुलाए,फुले
castalloy,केस्टालॉय,कास्टलो
sooraj,सूरज,सूरा
bronch,ब्रॉन्च,ब्रोंच
avarnataa,अवर्णता,अवर्नता
sanders,सेंडर्स,सैन्डर्
eneeyoo,एनईयू,एनीयू
laalmanee,लालमणी,लालमनी
aavrittiyon,आवृत्तियों,आवृत्यियों
kullawee,कुल्लवी,कुल्लाव
prathmikta,प्राथमिकता,प्राम्िकता
mobile,मोबाइल,मोबिले
katihar,कटिहार,कटीहार
swecha,स्वेच्छा,स्वेचा
haamidan,हामिदन,हामीदन
samdharshni,समदर्शिनी,साधार्षणी
dridh,दृढ़,दृध
gond,गोंद,गोंड
wishesh,विशेश,विशेष
kaabilegour,काबिलेगौर,काबिलेगोर
laurense,लौरेंस,लॉरेंस
hisham,हिशाम,हिशम
pafin,पफिन,पाफि
mate,मेट,माट
buildcon,बिल्डकॉन,बुल्डकॉन
jindagee,जिदंगी,जिंदगी
chayal,चायल,छायल
last,लास्ट,लस्ट
ratrichar,रात्रिचर,रात्रीचा
kaathalaa,काथला,काठला
pattnaik,पटनायक,पट्टनै
nyayalayeen,न्यायालयीन,न्यायलयीन
mukhyamantriyon,मुख्यमंत्रियाें,मुख्यमंत्रियों
swaphoto,स्वफ़ोटो,स्वाफोटो
clifton,क्लिफ्टन,क्लिफ़टन
nalakasa,नलकसा,नलकास
chhah,छह,छ्
sameekshaakartaa,समीक्षाकर्ता,समीक्षकार्ता
mantripad,मंत्रीपद,मंत्रिपद
liberation,लिब्रेशन,लिबेरेशन
asamaany,असमान्य,असामन्य
balot,बेलोट,बलोट
thin,थींं,थिन
formic,फार्मिक,फोर्मिक
las,लास्ट,लास
avranta,अवर्णता,अवर्ता
wasting,वेस्टिंग,वास्टिंग
vitark,वितर्क,विटरक
mukabaale,मुकबाले,मुकाबले
mahamedia,महामीडिया,महामेदिया
suzlon,सुज़लोन,सुज़लों
varnit,वर्णित,वर्नित
madurai,मदुरई,मदुरा
kaundal,कौण्डल,कौंडल
lapatta,लापत्ता,लपट्टा
kshin,क्षीण,क्षीन
tewaree,तेवरी,टेवार
raichur,रायचूर,रायचुर
olraunder,ऑलराउंडर,ओलराउंडर
garibon,ग़रीबों,गरीबोन
callahan,कालाहान,कैल्हन
wabag,वाबाग,वबाग
kaipdhari,कैपधारी,कैपधरी
atta,आटा,अट्
reddy,रेड्डी,रेडी
lohati,लोहाती,लोहाटी
kakkad,कक्कड़,काक्कड
dungarpur,डूंगरपुर,दुंगरपुर
zaalaanaa,झालाना,ज़ालना
prospectus,प्रोस्पैक्ट्स,प्रोस्पेक्टस
westinghouse,वेस्टिंगहाउस,वेस्टिंगहासू
bawara,बावरा,बवारा
thakkr,ठक्कर,ठक्क
ichchhaachaaree,इच्छाचारी,इच्छाछारी
dhavakon,धावकों,धवाकों
damle,दामले,दमले
shravanabelagola,श्रवणाबेलागोला,श्रवणबेलिगाओला
nilkamal,नीलकमल,निल्कम
karmacharee,कर्माचारी,कर्मचारी
poorwottar,पूर्वाेत्तर,पूर्वोत्तर
lehrayi,लहराई,लहराय
haito,हैतो,हाइत
prakaandh,प्रकाण्ड़,प्रकांध
egmor,एगमोर,इगमोर
shringar,शृंगार,श्रींग
saupengee,सौंपेंगी,सौपेंगी
knoxville,नॉक्सविल,कनकोव्सि
sundaram,सुंदरम,सुन्दर
bhisham,भीष्म,भीषम
yemmiganur,येम्मिगनुर,येम्मीनगर
huhtamaki,हुहतमाकी,हुहत्माक
vadli,वडाली,वडली
gail,गेल,जीए
salazar,सालाज़र,सलाजार
diphtheria,डिप्थीरिया,डिफ्थेरिया
dradh,दृढ़,द्रध
shadadhi,शदधि,शादध
lokpratinidhiyon,लोकप्रतिनिधियों,लोकप्रतिनियों
jatati,जताती,जतती
berwyn,बर्विन,बेरविन
mum,मम,मु
charanbaddh,चरणबद्घ,चरणबद्ध
mandadi,मनदड़ी,मंडादी
paarampariktaa,पारंपरिकता,पार्मपरिकत
hafate,हांफते,हफते
sathiya,साथिया,साठिया
sanghiyataa,संघीयता,संघियता
mukhyaatithiyon,मुख्यअतिथियों,मुख्यातिथियों
vyavasthavirodhi,व्यवस्थाविरोधी,व्यवस्वाहिरोवी
tarutal,तरुतल,तरूतल
jhaadaa,झाड़ा,झड़ा
schaeffler,स्कैफ़लर,शीएफफलर
raidical,रैडिकल,रैडीकल
jenner,जेनर,जेने
hasino,हसीनों,हासिनो
rupa,रूपा,रुपा
mahapatra,महापात्रा,महापत्रा
chenkein,छींके,चेंके
jiyaangkou,जियांगकोऊ,जियांगको
janaganna,जनगणना,जनगन्न
enterprise,एंटरप्राइज,एनटरप्राइस
varnavyavasthaavaadiyon,वर्णव्यवस्थावादियों,वर्णव्यवादाासियों
mudichu,मुडिचु,मुडीचू
parnstaron,पर्नस्टारों,पर्नस्तारों
ia,ईए,आई
rashtriyadhyaksha,राष्ट्रियाध्यक्ष,राष्ट्रीयध्यका
peedablyootee,पीडब्ल्यूटी,पीडब्ल्यूति
thousand,थाउजेंड,थाउंसड
ridge,रिज,रिड
swaasthyaheenataa,स्वास्थ्यहीनता,स्वास्थ्यीनता
log,लोग,लॉग
jodhika,जोधिका,जोधीका
sevalaa,सेवाला,सेवला
doobat,डूबत,दूबत
aurora,ऑरोरा,औरोरा
monterey,मोंटेरे,मोंटेरी
whittier,व्हिटियर,व्हिटीयर
cubeck,क्यूबेक,क्यूबैक
sheelbhag,शीलभंग,शीलभाग
bistagond,बिस्तागोंड,बिस्टागोंड
findlay,फाइंडले,फिंडले
bapaa,बापा,बपा
aise,ऐसे,एसी
shrankhala,श्रंखला,श्रंखाल
mangalmoortih,मंगलमूर्तिः,मंगलमूर्तिह
mithaiyaan,मिठाइयाँ,मिठइयाँ
halebid,हैलबिड,हैलेबि
officially,ऑफिशियली,आफिसिली
sevai,सेंवई,सेवाई
parnel,पार्नेल,पर्नेल
sunsan,सूनसान,सुन्सन
cusex,क्यूसैक्स,क्युएक्स
yudhrat,युद्धरत,युध्रत
urbandale,अर्बनडेल,उर्बनदले
error,एरर,एरो
chikhali,चिखली,चिखाल
waan,वाण,वाँ
adhikaariyaan,अधिकारियां,अधिकारियाँ
roanoke,रोनोक,रोआनो
poorvapekshaaon,पूर्वापेक्षाओं,पूर्वपेक्षाओं
masheenawat,मशीनवत,मशीनाव
vidyaathyon,विद्याथयों,विद्याथ्यो
sangrur,संगरूर,सांगरू
strongsville,स्ट्रोंगस्विल,स्ट्रॉन्गविले
jangan,जनगन,जनगण
yariyan,यारियां,यरियां
bhagyeshwar,भाग्येष्वर,भाग्येश्वर
jivati,जीवति,जीवती
sudkhoron,सूदखोरों,सुड़खोरो
bhraanti,भ्रांति,भ्रान्त
svaatan,स्वातं,स्वातन
mantarimandaliya,मंत्रिमंडलीय,मंतारिमंडलीय
ashley,एशले,अश्ल
mathews,मेथिव्स,मेथव्स
akzo,एक्ज़ो,अकजो
bolateen,बोलतीं,बोलतीन
pratishthavale,प्रतिष्ठावाले,प्रतिष्ठवाले
teap,टिप,टीप
mejbani,मेज़बानी,मेजबनी
toledo,टोलेडो,तोलेडो
mohadhaa,मोहड़ा,मोहधा
taapanee,टापनी,तापनी
little,लिटिल,लिट्ट
gadhoonga,गाड़ूँगा,गढ़ूँगा
faadi,फाड़ी,फादी
tuberculosis,ट्यूबरक्यूलोसिस,ट्यूकर्लोसिस
nagarjuna,नागार्जुन,नगरजुना
raajneechi,राजनीचि,राजनीची
medizensar,मेडिजेन्सर,मेडीजेनसार
commerce,कॉमर्स,कमर्सी
chatagaon,चटगांव,चाटागा
hilig,हीलिग,हिलिग
isnpector,इस्न्पेक्टोर,इस्नपेक्टर
naushad,नौशाद,नौशद
falluja,फ़ल्लूजा,फाल्लुजा
pik,पिक,पीक
jiwan,जीवन,जीवा
katal,कताल,कटल
dablyooeeef,डब्ल्यूईएफ,डबल्यूफ
slidon,स्लाइडों,स्लिडन
saindan,सैंदान,सैंदन
gaanv,गॉंव,गाँव
todenge,तोड़ेंगे,तोड़ेगे
udaan,उड़ान,उदान
saptkraanti,सप्तक्रांति,सप्त्रकांती
miranda,मिरांडा,मिरंडा
nauvahan,नौवहन,नौवाह
atmaen,आत्माएं,आत्मैन
rosa,रोज़ा,रोसा
trelarah,ट्रेलरः,त्रेलरा
marlborough,मालबर,मार्ल
waco,वाको,वैको
khan,खान,छन
difarard,डिफरर्ड,दिफारार
kuraaane,कुरआने,कुराने
chayaniton,चयनितों,छयनितों
morales,मोराल्स,मोरालेस
heros,हीरोज,हिरोस
zydus,ज़ाइडस,ज़इदस
pakayen,पकाएं,पकाये
bhrashtachariyon,भ्रष्टाचारीयों,भ्रष्टाचारियों
chalit,चालित,चलित
affle,एफल,एफए
rajnitikaaron,राजनीतिकारों,राजनीतीकारों
gaaligalauj,गालीगलौज,गालिगालज
anyonyashritata,अन्योन्याश्रितता,अन्योनिश्रितता
udaya,उडाया,उदाया
cutlery,कटलरी,क्यूल
pratibandhah,प्रतिबन्धः,प्रतिबंध
bilae,बिलाई,बिले
khullamkhulla,खुल्लमखुल्ला,खुल्लामखुला
swanson,स्वानसन,स्वानसो
anvaahaarya,अन्वाहार्य,अन्वाहर्य
rewari,रेवाड़ी,रेवारी
sahkalakar,सहकलाकार,सहकालाकर
championship,चैंपियनशिप,चम्पिनशीप
watanukoollan,वातानुकूलन,वाटनुकूल्ल
dinu,दीनु,दिनु
shaniwar,शनिवार,शनीवार
de,डीई,डी
dabi,डाबी,दाबी
nahinkarvaaee,नहींकरवाई,नहींकरवाल
maarvaad,मारवाड़,मारवाद
brigton,ब्रिगटन,ब्रिटन
mnaey,मनाए,म्ने
ligar,लिगर,लिगा
aadhin,आधीन,आधिन
hempstead,हेम्प्सटेड,हेम्प्स्टे
mamooli,मामूली,ममूली
verification,वैरीफ़िकेशन,वैरिफिकेशन
fefada,फेफड़ा,फेफाडा
kachchhe,कच्छे,कछ्छे
lovasa,लवासा,लोवास
doobnewaale,डूबनेवाले,दूबनेवाले
kaksheevati,काक्षीवती,कक्षीवती
lodi,लोदी,लोडी
peachtree,पीचट्री,पीच्त्र
ghumakkdon,घुमक्कड़ों,घुमकड्कों
ojha,ओझा,ओझ
ilaaj,इलाज़,इलाज
ayodhyeanath,अयोध्यानाथ,अयोध्येनः
roket,र<unk>केट,रोकेट
nurochemistry,न्यूरोकेमिस्ट्री,न्रोकैमिस्ट्री
coldvel,काल्डवेल,कोल्डवेल
multiplexon,मल्टिप्लेक्सों,मल्टिप्लेक्सन
tyoihar,त्यौहार,त्यायोह
belacha,बेलचा,बेलाच
sahakalaakar,सहकलाकार,सहकालाकर
jadit,जड़ित,जदित
nagaaraa,नगाड़ा,नगारा
doongarpur,डूंगरपुर,दूँगरपुर
uchchhrunkhalataa,उच्छृंखलता,उच्छुर्खनल
failaiya,फैलाइए,फैलैया
shield,सील्ड,शील्ड
obscura,ऑब्स्क्योरा,ओब्स्क्यूरा
cigretton,सिगरेटों,सिग्रेटन
dikhaee,दिखाईं,दिखाई
russell,रसल,रसे
nazarandaaz,नजरंदाज,नज़ारनद
kualalampoor,कुआलालंपूर,कुलाम्पूर
raidcras,रैडक्रास,राइड््का
svaayattshasan,स्वायत्तशासन,स्वायत्ष्सन
bhulta,भूलता,भुलता
nights,नाइट्रस,नाइट्स
nakam,नाकाम,नकम
shutting,शुटिंग,शट्टिं
raashtra,राष्ट्रा,राष्ट्र
wardha,वर्धा,वार्ध
deedablyutee,डीडब्ल्यूटी,दीदाब्लयूटी
desabathula,देसबथुला,देसाबथुल
baghbaan,बाघबान,बागबाँ
aadeshah,आदेशः,आदेशा
udelkar,उड़ेलकर,उडेलकर
tarko,तर्कों,तरको
yaaddaasht,याद्दाश्त,याद्धश्त
inhalation,इनहेलेशन,इन्हेलेश
scranton,स्क्रेनटन,स्क्रैन्ट
varnavyavasthaawaadiyon,वर्णव्यवस्थावादियों,वर्णव्यवासाादियों
shikshakarmiyon,शिक्षाकार्मियों,शिक्षाकर्मियों
beverages,बेवरेजेस,बेवेरेजे
pidiya,पीडिया,पिड़िय
nadaf,नदफ,नाद
dhahaaenge,ढहाएँगे,ढहाएंगे
mastmaula,मस्तमौला,मास्तमौल
arya,आर्यों,आर्या
velvet,वेलवेट,वेल्वे
aapdaein,आपदाएं,आपदें
udghosh,उदघोष,उद्घो
bani,बानी,बनी
raykar,राइकर,रायकर
pidilite,पीडीलाइट,पिडिलाइट
dual,ड्युअल,दुअल
adhikaran,अधिकरन,अधिकरण
rangkata,रंजकता,रंगकता
gowmutra,गौमूत्र,गोमवुत्
picking,पीकिंग,पिकिंग
oditar,ऑडिटर,ओदितर
deniar,डेनिअर,डेनियर
langdon,लैंगडन,लंगदों
avashist,अवशिष्ट,अवशिस्त
bossier,बोसीयर,बोसिर
badhachadhakar,बढ़ाचढ़ाकर,बढ़चाधकार
bhuj,भुज,भज
fawaare,फव्वारे,फ़वारे
advait,अद्वैत,अड़वैत
nyutriyo,न्यूट्रियो,न्यूत्रियो
pailoton,पायलटों,पैलोटन
jaden,जड़ें,जादें
boriwali,बोरीवली,बोरीवाल
ilaichi,इलाइची,इलाईची
alliance,एलियंस,एलियें
nahargadh,नाहरगढ,नहरगढ़
nsiu,एनएसआईयू,नसियू
sapaat,सपाट,सपात
lengdan,लैंगडन,लेंगदा
alwadhi,अल्वधि,अलवधी
uchchaadhikaareeyo,उच्चअधिकारीयो,उच्चाधिकारियो
bhav,बहाव,भव
motherson,मदरसन,मोथरस
kauplaiks,काॅप्लेक्स,कौपलैक्स
aaburod,आबूरोड,आबूरोद
heidelbergceat,हैडलबेर्गसिएट,हेइडब्रेज्टिय
chimati,चिमटी,चिमति
surfactants,सर्फेकटेंट्स,सर्फेक्टेंट
kailana,कायलाना,कैलना
tankar,टंकार,टंकर
merta,मेड़ता,मर्ता
rasyanik,रसायनिक,रास्यनि
soochnah,सूचनाः,सूचनाह
jockey,जोकि,जॉक्
niswarth,निस्वार्थ,निस्वर्थ
kshetradwaaraa,क्षेत्रद्वारा,क्षेत्रदावा
buldhana,बुलढाना,बुलधाना
dhamkata,धमकाता,धमकता
bhusvami,भूस्वामी,भूस्वमी
quete,क्यूट,क्वेट
bevkufana,बेवकूफाना,बेवकुफाना
jajmau,जाजमऊ,जजमौ
beltran,बेल्ट्रान,बेल्ट्रन
makhdumpur,मखदुमपुर,माखदूमपु
kolorado,कोलोराडो,कोलेरोडो
blackburn,ब्लैकबर्न,ब्लैकबूर्
suniti,सुनीति,सुनिति
ghigghee,घिग्घी,घिघगी
flavonoids,फ्लेवनाइड्स,फ्लेवोनाइड्
chahunmukhi,चहुंमुखी,चाहुन्मु
siratee,सिरती,सीरती
chaudahavan,चौदहवां,चौदाहवन
aabru,आबरू,आएबर
balurak,बलुरक,बलूरा
davangere,दावणगेरे,दवांगेरे
anurit,अनुरीत,अनुरित
patiala,पटियाला,पैटियाल
financial,फाइनेंसियल,फाइनेंशील
policy,पालिसी,पोलिसी
icc,आइसीसी,आईसीसी
kuchchh,कुच्छ,कुछ्छ
reliance,रिलायंस,रिलायन्
urvarakon,उर्वरकों,उर्वारको
ravael,रवैल,रवेल
ladhkiyon,लड़कियो,लढ़कियो
wankshetra,वनक्षेत्र,वानक्षेत्
badaaen,बड़ाएँ,बदाएं
enseeaardablyusee,एनसीआरडब्ल्यूसी,एन्सीआर्ड्यूस्ब
pratibaddhataa,प्रतिबद्धाता,प्रतिबद्धता
follow,फ़ॉलो,फोला
sevamukta,सेवामुक्त,सेवमुक्ता
evanston,इवान्स्टन,इवनस्टन
hills,हील्स,हिल्स
robertsan,रॉबर्टसन,रोबर्ट्स
glaxosmithkline,ग्लैक्सोस्मिथक्लीन,ग्लैक्सोम्टिकालीन
producton,प्रॉडक्टों,प्रॉडक्टन
guevara,गेवारा,गुएवार
jarvis,जार्विस,जारविस
laphz,लफ्ज,लॉफ्
font,फॉन्ट,फोंट
paradheen,पराधीन,परधीन
shak,शक़,शक
dit,डिट,दित
danptiyon,दंपतियों,दनप्तियो
maadhikhedhaa,माड़ीखेड़ा,माधीकेहा
pratishthaanon,प्रतिष्ठानोंं,प्रतिष्ठानों
soond,सूंड़,सून्ड
ginte,गिनते,जिन्ट
alagalag,अलगअलग,अलगल्ग
swastikakaar,स्वास्तिकाकार,स्वास्तिकार
pratikaraa,प्रतिकारा,प्रतिकरा
saval,सवाल,सावल
raghuram,रघुराम,रघुरम
intaravyu,इंटरव्यु,इंतरव्यु
sawyer,सॉयर,सावय
bhasapa,भासपा,भासाप
parshdon,पार्षदों,परश्दों
pulatskar,पुलत्स्कर,पुलत्त्सक
uthaaeange,उठाएँगे,उठाएंगे
laengee,लाएंगी,लेंगी
oeeef,ओईएफ,ईओईई
valsad,वलसाड,वालसा
mulon,मूलों,मुलों
putliyan,पुतलियां,पुटलियां
shmil,शमिल,श्मि
camarillo,कैमेरिलो,कैमारिलो
saflataa,सफ़लता,सफ्लता
vinasht,विनष्ट,विनाष्
kping,कपिंग,कैपिं
jayalalithaa,जयललिता,जयललिथा
items,आइटम्स,आईटीएम
soccer,सॉकर,सोस्
asphalt,एस्फाल्ट,अस्फल्ट
mehrotra,मेहरोत्रा,मेहोत्रता
zarakh,जरख,ज़र
mejbaani,मेज़बानी,मेजबानी
muflisi,मुफलिसी,मुफ्लिस
luna,लूना,लुना
warnavyavasthaavaadiyon,वर्णव्यवस्थावादियों,वर्णव्यवासादियों
uthni,उठनी,उठीन
bajaj,बजाज,बजज
hisarah,हिसारः,हिसरह
dampatiyon,दंपतियों,दम्पतियो
watson,वॉटसन,वाट्स
augustustine,अगस्टाइन,अगस्टुस्
pataakshep,पटाक्षेप,पताक्षेप
apardarshi,अपारदर्शी,अपरदर्शी
petaluma,पेटालुमा,पेटलुमा
beeemdablyooem,बीएमडब्ल्यूएम,बीमैडब्यलियम
telon,तेलों,टेलों
ghummakkadon,घुमक्कड़ों,घुम्मक्डों
haanfte,हांफते,हाँफते
james,जेम्स,जेम
kiratpur,कीरतपुर,किरापुर
shaq,शक़,शक
surprise,सरप्राइज़,सुर्पाइस
yoder,योडेर,योडर
stein,स्टीन,स्टेन
paithelojist,पैथेलॉजिस्ट,पैथेलोजिस्ट
labeling,लेबलिंग,लाबलिंग
ikthiyosis,इक्थियोसिस,इक्ठियोसिस
liberation,लिबरेशन,लिबेरेश
phoodon,फूडॉन,फूदों
jatilaa,जटिला,जतिला
raashtron,राष्ट्रोंं,राष्ट्रों
tandon,टंडन,टैंड
gadbadbadee,गड़बड़बड़ी,गडबड़बादी
sanasthita,संस्थिता,सनस्थिता
aadan,आदान,आदन
javate,जावते,जवते
bhishm,भीष्म,भिष्म
hundiya,हंडिया,हुण्डि
malekar,मालेकर,मलेकर
loveland,लवलैंड,लववालै
hanfte,हांफते,हैंफ्ट
barrackpore,बैरकपुर,बर्ैकपो
ghaziabad,ग़ाज़ियाबाद,गाज़ियाबाद
tarkon,तर्कों,तरकों
artemis,आर्टेमिस,आर्टीमिस
aipp,ऐप्प,एआईप
jaiban,जयबाण,जयबन
gairairaadatan,गैरइरादतन,गैरारायता
vivekadhin,विवेकाधीन,विवेकधीन
faliya,फालिया,फलिया
prekshakganon,प्रेक्षकगणों,प्रेक्षकोंन
purvaasiyon,पुरवासियों,पूर्वासियो
vipannata,विपन्नता,विपननता
maanga,मांगा,माँगा
ordanens,ऑर्डनेंस,ओर्देनें
viratkhand,विराटखंड,वीरतखंड
manju,मंजू,मानज
chhawindra,छविंद्र,छवींद्र
saym,सायं,सेम
mithhaiyaan,मिठाइयाँ,मिठहैयाँ
jeevvigyaniyon,जीवविज्ञानियों,जीववज्ञानियों
pashtuun,पश्तून,पश्तुं
brahraachaarinee,ब्रह्राचारिणी,ब्रह्रचारीने
jerusalem,यरूशलेम,जेरूसले
altamonte,एल्टामोंटे,अल्टामोंटे
robarto,रोबर्तो,रोबार्ट
manchiya,मंचीय,मंचिय
morrison,मोरीसन,मोरिसन
mhagranth,महाग्रंथ,माहग्रंथ
transistor,ट्रांजिस्टर,ट्रानसिस्टर
sarvjaatiya,सर्वजातीय,सर्वजातिय
patotsav,पाटोत्सव,पोट्ट्सव
houkee,हाॅकी,होकी
medithsan,मेडिथ्सन,मेदीथ्सन
udana,उड़ाना,उदाना
saraaymohiuddeenpur,सरायमोहिउद्दीनपुर,सरायमहोद्यीनुद्र
petersburg,पीटर्सबर्ग,पेटर्सबर्ग
ranjkatha,रंजकता,रांजकथ
diya,दीया,दिया
mohindar,माेहिंदर,मोहिन्दर
mastek,मस्टेक,मास्ते
nirbadh,निर्बाध,निरबध
ehsaas,एहसास,ईहसास
avrutiyon,आवृत्तियों,अवरुतियों
eshiyavan,एशियवन,इशियाव
durdhara,दरदरा,दुर्ध
khaastaur,ख़ासतौर,खास्तौर
makrani,मकरानी,माकारा
high,हाई,हिघ
fatahi,फटही,फतही
mariya,मारिया,मरिया
ganv,गॉंव,गण्व
pendulam,पेंडुलम,पें्डुल
aavishakaar,आविष्कार,आविषकार
natijeh,नतीजेः,नातिजे
jeffersonville,जेफरसनविल,जेफर्सनेव
tulshidas,तुलसीदास,तुलशीदास
dviarthee,द्विअर्थी,ड्वियार्थ
jawabah,जवाबः,जवाबा
jaanchkarata,जांचकर्ता,जाँचकरता
vandemaataram,वन्देमातरम्,वंदेमात्रम
should,शुड,शोल
agsta,अगस्ता,एग्स्त
neu,एनईयू,नेयू
dastakhatshuda,दस्तखतशुदा,दस्ताखतापु
surinama,सूरीनाम,सूरिनाम
rekannecting,रिकनेक्टिंग,रिकेनेक्टिं
phaibrik,फाइब्रिक,फैब्रिक
clair,क्लेयर,क्लेर
chhejat,छीजत,छेजत
mominatolaa,मोमिनटोला,मोमिनेटाल
unionwaadi,यूनियनवादी,यूनीनवाडी
bamleshvaree,बम्लेश्वरी,बमलेश्वरी
immaturity,इम्मैच्योरिटी,इम्मेच्यूटिटी
sansthaan,संसथान,संस्था
jin,जीन,जिन
dadrewa,ददरेवा,दाद्रे
kide,कीड़े,किदे
karawanou,करावणौ,करावान
putin,पुतिन,प्यूट
jadd,जड़,जैड
yusugi,युसूगी,युसुगी
karavaayegee,करवायेगी,करवाएगी
jatatee,जताती,जतती
gurdaspur,गुरदासपुर,गुरदसपुर
europlast,यूरोप्लास्ट,यूरोपलस्ट
canterbari,कैंटरबरी,कैंटरबार
communicators,कम्युनिकेटर्स,कम्मुनिकेटर्स
mahamanch,महामंच,महामां
conway,कॉन्वे,कोनवे
dwf,डीडब्ल्यूएफ,डीवीएफ
reeves,रीव्स,रिवेस
dabhoi,डभोई,डाभो
sapatey,सपाटे,सपते
hindan,हिंडन,हिन्द
aaufisaree,ऑफिसरी,औफिसरी
montclair,मोंटक्लेयर,मोंटकेलर
purnsveekrit,पुर्नस्वीकृत,पूर्नस्वीकृत
richardson,रिचर्डसन,रिचार्डन
sandrbh,संदर्भ,सन्द्र
fargo,फार्गो,फरगो
saptakranti,सप्तक्रांति,सप्तक्रांती
kontrekting,कॉन्ट्रेक्टिंग,कोन्ट्रेक्टिंग
adhikariyon,अधिकरियों,अधिकारियो
bandhan,बंधान,बांधन
sendha,सेंधा,सेंढा
dablyoopidi,डब्ल्यूपीडी,दबल्यूपिदी
gravita,ग्रविटा,ग्रेविट
lincoln,लिंगकन,लिनकॉन
pravrittivigyanon,प्रवृत्तिविज्ञानों,प्रावृत्वित्यांों
cementation,सीमेंटेशन,सिमेंटेशन
gentry,जेन्ट्री,जेंटरी
datson,डैटसन,डाटसन
montebello,मोंटेबेल्लो,मोंटेबेलो
renewables,रिन्यूएबल्स,रेनेवेबल्स
naksalwad,नक्सलवाद,नक्सलवाड
aitraz,ऐतराज़,एत्राज
itibhagwatee,इतिभगवती,इतिभागवत
kaabiletaarif,काबिलेतारीफ,काबीलेतारीफ
dhatta,धत्ता,धट्टा
upakhyanon,उपाख्यानों,उपख्यानों
fayetteville,फयेत्तेविल्ले,फायेट्विले
stockton,स्टॉकटन,स्टॉक्ट
brijesh,ब्रजेश,ब्रिजे
thomas,थॉमस,थोमा
dhyeywadi,ध्येयवादी,ध्येयावाड
tuesday,ट्यूजडे,त्येसदे
wgpl,डब्ल्यूजीपीएल,वीजीपीएल
ovum,ओवम,ओवु
gati,गति,गती
nucleus,न्यूक्लियस,न्यूक्लस
kraar,क़रार,क्रार
purooshottamaachary,पुरूषोत्तमाचार्य,पुरूषोत्तमाचारी
manchanda,मनचंदा,मंचन्द
lahsun,लहसुन,लाहसु
naqaab,नक़ाब,नकाब
mckenzie,मैकेंज़ी,मैकेनज़ी
purzon,पुर्जों,पर्ज़ों
bravo,ब्रावो,ब्रेवो
chaukhate,चौखटे,चौखते
apar,अपर,एपर
dhahaane,ढहाने,धहाने
nariyalyukt,नारियलयुक्त,नरियालयुक्त
jealous,जूलूस,जीलॉस
kursiyo,कुर्सियॉ,कुर्सियो
singhaadey,सिंघाड़े,सिंघाडे
amy,एमी,एमा
antarmukh,अंतर्मुख,अंतरमुख
badbolepan,बड़बोलेपन,बाडबोलेपन
naxaliyon,नक्सलियों,नक्सालियो
manner,मैनर,मानर
half,हॉफ,हाल
mahaadharmaadhyaksha,महाधर्माध्यक्ष,महाधर्मध्यक्षा
parmoujood,परमौजूद,परमाजुद
tippanikar,टिप्पणीकार,टिप्पणीकर
dwirookta,द्विरुक्त,द्वीरूक्त
eddie,एड्डी,एडीडी
jivaniyaan,जीवनियां,जीवणियां
panghal,पंघाल,पंघल
khand,खंडा,खण्ड
urvarkon,उर्वरकों,उर्वकरों
giriwasiyon,गिरिवासियों,गिरीवासियों
pukhtaa,पुख़्ता,पुखता
achnera,अछनेरा,अछेनरा
alaymani,अलयमनी,एलामणी
nahargarh,नाहरगढ,नहरगढ़
immaichyority,इम्मैच्योरिटी,इम्मैचियोर्टी
elendt,एलएंडटी,इलेंडट
properphasebuk,प्रॉपरफेसबुक,प्रोपरफ़ाइबे
udanon,उड़ानों,उदानों
mhajan,महाजन,महजान
bataayaaki,बतायाकि,बतायाकी
alai,अली,अला
amod,आमोद,अमोड
aaipief,आइपीएफ,आईआईपी
supachy,सुपाच्य,सुपाची
awashist,अवशिष्ट,अवाशिस्
ishat,ईष्ट,इश्त
rate,रेट,रते
aata,आटा,आत्
warishthon,वरिष्ठों,वारिष्ठो
jalapot,जलपोत,जलापो
katrina,कैटरीना,कात्रिन
jismafaroshee,जिस्मफरोशी,जिस्माफरोश
salary,सैलरी,सालरी
raza,रज़ा,राजा
rectare,रैकेटियर,रेक्टेर
basil,बेसिल,बसील
badhaataa,बढ़ाता,बढ़ता
charanbaddha,चरणबद्घ,चरणबद्ध
naraseepura,नरसीपुरा,नारसीपुर
samjhunga,समझूंगा,समझुंगा
dhaah,ढाह,धाह
praudh,प्रौढ,प्रौध
darawani,डरावनी,दारावा
belinda,बेलिंडा,बेलिंदा
datsun,डैटसन,दात्स
ate,अते,एटी
fasteners,फास्नर्स,फास्टनेर
bangravala,बंगरावाला,बांगरावला
saira,सायरा,सैरा
atthas,अट्टहास,अट्ठास
daratey,डराते,दराते
valkkan,वल्कन,वाल्क
khastaur,ख़ासतौर,खस्तौर
ananddaayak,आनंददायक,आनंद्याक
banbi,बांबी,बानबी
asmanye,असमान्य,अस्मान्
wipannta,विपन्नता,विपान्ता
spast,स्पस्ट,स्पास्
amzera,अमझेरा,अमज़ेर
ghatabadh,घटबढ़,घटाबध
fainn,फैंन,फैन
gaano,गानो,गाँव
khambhat,खंभात,खम्भट
dublin,डबलिन,डुबलि
samruddhiyon,समृद्धियों,समरुद्धियो
radhakrushnadas,राधाकृष्णदास,राधाकूर्षणदा
kaansting,कांस्टिंग,काँस्टिंग
idukki,इड्डुक्कि,इदुक्की
maangi,मांगी,माँगी
robins,रॉबिंस,रोबिन्
pehowa,पेहोवा,पहोवा
bagh,बाग,बघ
koottaa,कूत्ता,कूट्टा
adain,एडेन,अदैन
grenite,ग्रेनाइट,ग्रेनिएट
dhundhta,ढूंढता,ढूंढ़त
depthiriya,डिप्थीरिया,डेप्थिरिया
adchane,अड़चने,अडचने
koriyaah,कोरियाः,कोरियाह
prapat,प्रपात,प्रपत
suiyan,सूइयां,सुइयाँ
schaeffler,स्कैफलर,शीएफफलर
jyaadaa,ज़यादा,ज्यादा
potter,पॉटर,पोट्
media,मीडिया,मेडिया
yarushalem,यरूशलेम,यारुशेल
pichde,पिछड़े,पिछडे
letaseng,लेटसेंग,लेटासें
arthavyawasthataaon,अर्थव्यवस्थताओं,अर्थव्यवत्थासाओ
kakoo,काकू,काू
navate,नवाते,नवते
samvedansheelata,संवेदन्शीलता,संवेदनशीलता
laphj,लफ्ज,लॉप्
kribarabh,कृबरभ,क्रीब
prakashakah,प्रकाशकः,प्रकाशाख
styrolution,स्टायरोल्यूशन,स्टाइर्यूलिशन
bengaluru,बेंगलुरु,बेंगालुर
mainan,मैनन,मैने
kyaah,क्याः,क्याह
formulae,फार्मूले,फार्मूला
amavasya,अमावस्या,अमावास्य
daishawaalaa,डैशवाला,दैशवाला
darmait,डारमैट,डर्मैट
sahakalakar,सहकलाकार,सहकालाकर
fatma,फातमा,फट्मा
kyusaiks,क्यूसैक्स,क्युएक्स
tolakarmee,टोलकर्मी,तोलकर्मी
version,वर्शन,वर्सन
parisamvad,परिसंवाद,परिसम्वा
immune,इम्युन,इम्मुन
utilities,यूटिलिटीज,यूटीलीटीज
malmaas,मलमास,मल्मा
antioch,एन्टीओक,एंटियोच
khatedaar,खातेदार,खतेदार
mohini,मोहिनी,मोहिणी
vishwasniiyataa,विश्वसनीयता,विश्वस्नीयत
rehman,रहमान,रेमान
kanblon,कंबलों,कांबलो
marrej,मैरेज,मारेर
pakaude,पकौड़े,पकौडे
lucie,लूसी,ल्यू
grahanakaal,ग्रहणकाल,ग्रहनकाल
jobs,जॉब्स,जोब्स
sadanand,सदानंद,सदानन्
dutt,दत्त,डट्ट
lurhakate,लुढ़कते,लुर्खाट
palmonari,पल्मोनरी,पाल्मोने
win,डब्ल्यूआईएन,वीन
padaraunaa,पडरौना,पदरौना
bandhate,बांधते,बंधते
thane,थाणे,थने
nikalogi,निकलेगी,निकालोग
mogali,मोगली,मोगाल
nagarik,नागारिक,नागरिक
vadak,वादक,वडक
gyatvy,ज्ञातव्य,ज्यात्वी
abdunnaasir,अब्दुन्नासिर,अब्द्नननसार
vishvwandhya,विश्ववंद्या,विश्वंध्य
shivamogga,शिवमोगा,शिवामोग
ghumakkdi,घुमक्कड़ी,घुमकक्डी
gayen,गाएं,गयेन
theateron,थिएटरों,थीएेरों
anadhikaarik,अनाधिकारिक,अनधिकारिक
shasak,शासक,शसक
hines,हाइंस,हिनेस
bettiah,बेतिया,बेट्टि
motihari,मोतिहारी,मोथीरही
pearson,पियरसन,पर्सन
ujback,उज़्बेक,यूजीबैक
pythogaras,पाइथागोरस,पायथोगारस
kaabiletaareef,काबिलेतारीफ,काबीलीतेरीफ
jamaate,जमाती,जमाते
daubaaraa,दौबारा,दौबरा
adhik,अधीक,अधिक
dhumrapaan,धुम्रपान,धूम्रापन
daampatya,दांपत्य,दापमत्य
jamudiya,जामुड़िया,जामुडिया
blair,ब्लेयर,ब्लेअर
communications,कम्यूनिकेशन्स,कम्यूनिकेशन
alayans,अलायंस,अलायन्
aradas,अरदास,अरदस
gudna,गुदना,गुड़न
aawajon,आवाज़ों,आवाजों
benvar,बेंवर,बेनवर
amarillo,अमारिलो,अमरिल्ल
bramhaand,ब्रह्माण्ड़,ब्रमहाण्ड
dikhai,दिखार्इ,दिखाई
tantro,तंत्रों,तांत्रो
aasan,आसान,आसन
tuglakabad,तुगलकाबाद,तुगलाकाबा
sutton,सट्टन,स्टोन
kandrour,कंदरौर,कांड्र
nikalani,निकालनी,निकलनी
dibanoo,डिबनू,दीबनू
immachyoritee,इम्मैच्योरिटी,इम्माच्योरिटी
liwaal,लिवाल,लीवाल
rushitaa,ऋषिता,रुशित
vrishchikahsaptah,वृश्चिकःसप्ताह,वृष्चिकहप्सतः
aasmatee,आसमती,आस्मत
bishadhee,बिशड़ी,बिषधी
punahsthapana,पुनःस्थापना,पुनःस्थाना
badh,बाध,बढ़
miktaam,मिकटॉम,मिकताम
zabardast,ज़बर्दस्त,ज़ारद्स्त
rattebaajee,रट्टेबाजी,रत्तेबाजी
francisca,फ्रांसिस्का,फ्रैन्सिस्क
mumba,बंबा,मुम्
darati,डराती,दराती
pranon,प्राणों,प्रानों
madison,मेडिसन,मेडीसन
myers,मयर्स,मायर्
kashyap,कश्यप,काश्य
hogaah,होगाः,होगाह
deshbhaktimaya,देशभक्तिमय,देशभक्तिया
krishnanagar,कृष्णानगर,कृष्णनगर
aayudhnirmaanee,आयुधनिर्माणी,आयुधनिर्माणे
fijulkharchi,फिजूलखर्ची,फिजुलखर्ची
tanta,तांता,तंता
chapel,चैपल,चापे
dhwanimikon,ध्वनिमिकों,ध्वानिमिको
education,एजुकेशन,इडुकेशन
jarakh,जरख,जरा
neet,नीट,नीत
samprabhuta,संप्रभुता,सम्प्रभुत
pakanevala,पकानेवाला,पाकनेवाला
kalasaanaa,कलसाना,कलसनान
mugaalataa,मुगालता,मुगलता
gyonth,ग्योंठ,ग्योंथ
dikhaai,दिखार्इ,दिखाई
somvaar,साेमवार,सोमवार
vista,विस्टा,विस्ता
polimer,पॉलिमर,पोलीमर
raktaabh,रक्ताभ,रक्तभ
bhrashtachareeyon,भ्रष्टाचारीयों,भ्रष्टाचारियों
khatakti,खटकती,खटक्त
mukhyamantriyon,मुख्यमन्त्रियों,मुख्यमंत्रियों
mad,मैड,एड
jain,जैन,जयन
mahin,महीन,माहि
survana,सुर्वणा,सुरवाना
baangarotiya,बांगरोटिया,बाँगरोटिया
chamchagiree,चमचागिरी,चमचगिरी
ncrwc,एनसीआरडब्ल्यूसी,एनकीआरवीसी
ainthey,ऐंठे,ऐंथे
essel,एस्सेल,इसेल
ilectrotecs,इलेक्ट्रोटेक्स,इलेक्ट्रोकेट्स
kaarwaai,कार्वाई,कारवाई
jhanktaa,झांकता,झंकता
urgent,अर्जेंट,यूर्जें
sapraman,सप्रमाण,सप्रमण
maurya,मौर्यों,मौर्या
jagadeeshachandra,जगदीशचंद्र,जगदीशांच्र
kaavyoktiyaan,काव्योक्तियां,काव्योक्तियाँ
svadpremiyon,स्वादप्रेमियों,स्वाद्प्रेमियो
jaatak,जातक,जाटक
rollers,रोलर्स,रॉलर्स
kaathiyavadee,काठियावड़ी,काठीयावड़ी
aavriti,आवृत्ति,आवृति
vidyaayein,विद्याएं,विद्याये
mukhyamantrisamvaaddaata,मुख्यमंत्रीसंवाददाता,मुख्यमंत्रीदस्वता
praansangalee,प्राणसंगली,प्रांसंगली
kanalog,कनलोग,कनालो
pudukkottai,पुदुकोट्टई,पुडुक्कोट्
fuhadtaa,फूहड़ता,फुहादता
patachep,पटाक्षेप,पटचेप
retreate,रीट्वीट,रिट्रीट
stanadhari,स्तनधारी,स्तनाधार
mukhyopadhyaay,मुखोपाध्याय,मुख्योपध्या
nirbaadh,निर्बाध,निरबाध
todne,तोडऩे,तोड़ने
avuti,आवृत्ति,अवुति
extactor,एक्सटेक्टर,एक्सटैक्टर
nashik,नाशिक,नशिक
ogrenaaij,ऑग्रेनाइज,ओग्रेनाज
chausingha,चौसिंगा,चौसिंघा
phalodi,फलोदी,फलोड़
nigar,निगर,निगा
shrabon,शराबों,श्रबों
gujara,गुजारा,गुजरा
burleson,बर्ल्सन,बरलेसन
bharadwaj,भारद्वाज,भरद्वाज
rahugaan,रहुगाँ,राहुगा
eksclation,एक्सक्लेशन,एकस्केलेशन
texarkana,टेक्सरकाना,तेसकर्काना
dungerpur,डूंगरपुर,डुंगरपुर
laalaparee,लालपरी,लालापर
aeronautics,एरोनॉटिक्स,एरोनाइटिक्
upakaaryaalayon,उपकार्यालयों,उपकार्यलयों
veriphication,वैरीफ़िकेशन,वैरिफिकेशन
clock,क्लाक,क्लॉक
daphan,द़फन,दफन
pegav,पेगव,पेगा
madheekhedha,माड़ीखेड़ा,माधीखेध
kanghe,कंघे,कांघ
kakinada,काकीनाड़ा,काकीनाडा
singer,सिंगार,सिंगेर
lekhakganon,लेखकगणों,लेखाकगणो
uchhalne,उछालने,उछलने
ainjal,ऐंजल,इंजल
pharm,फाॅर्म,फार्म
ravel,रवैल,रेवे
venkatraman,वेंकटरमन,वेंकटरमा
dibnoo,डिबनू,दिबनू
purooshottamachaary,पुरूषोत्तमाचार्य,पूरूषोत्तमाचार
jhaauganj,झाउगंज,झाऊगंज
mitaao,मिटाओ,मिताओ
diyotsiddh,दियोटसिद्ध,दायोत्सदिद
charchaaen,चर्चाएँ,चर्चाएं
prasarakon,प्रसारकों,प्रसरकों
nishpaap,निष्पाप,निषपाप
flin,फ्लिन,फ़्लि
ranneetibanaa,रणनीतिबना,रणीतीबाना
eeaarjee,ईआरजी,इयर्ज
gomukh,गौमुख,गोमुख
khanikarmi,खनिकर्म,खानीकर्
arellano,अरेलानो,आरेलेना
ukhadhakar,उखड़कर,उखाधकर
singhde,सिंघाड़े,सिंघडे
toncil,टोंसिल,टॉन्सि
davindarpal,दविन्दरपाल,दविंदरपाल
digvijay,दिग्विजय,दिगविजय
fazalon,फजलों,फज़ाल
doge,दोगे,डोगे
labelon,लेबलों,लबेलों
badhane,बड़ने,बढ़ने
very,वैरी,वेरी
saatsera,सातसेरा,सात्सेर
raajsthanwasiyon,राजस्थानवासियों,राजसथ्वाजियों
wilkinson,विल्किंसन,विल्किनसन
daraati,डराती,दराती
atke,अटके,एटके
pramukhataapoorwak,प्रमुखतापूर्वक,प्रमुखतापूर्व
yatna,यत्न,यतना
nitin,नितिन,नीतिन
city,सिटी,सीटी
radico,रेडिको,रेडीको
masyendranath,मत्स्येंद्रनाथ,मासेंद्रनाथ
behar,बिहार,बेहर
avru,अवरु,एवरू
daw,दाव,डेव
naqab,नक़ाब,नकाब
saregama,सारेगामा,सरेगमा
satti,सत्ती,सत्ति
kumau,कुमाऊ,कुमाउ
emi,एमी,एएम
theatrs,थियेटर्स,थियेस्ट
khinchakar,खिंचकर,खींचकर
raubadar,रौबदार,रौबादर
alto,ऑल्टो,अल्टो
akron,अक्रोन,एक्रोन
tahkhaana,तहखाना,तहााना
samajjanon,समाजजनों,समजजजनों
suryadev,सूर्यदेव,सूर्यादे
prathamik,प्राथमिक,प्रथमिक
baleshwar,बालेश्वर,बलेश्वर
lagaateen,लगातीं,लगातीन
jhaiyaan,झाइयां,झयााँ
navanagar,नवानगर,नवनगर
najarandaaz,नजरंदाज,नज़रनदा
funkane,फुंकने,फुनकने
module,मॉड्यूल,मोडुले
farms,फार्म्स,फर्मस
maidi,मैडी,मादी
thief,थीफ,थीआ
pfaudler,फाउडलर,फैफाडल
poorvabhadrapad,पूर्वाभाद्रपद,पूर्वभद्रपद
landara,लंगड़ा,लांडार
gonpo,गोंपो,गोन्प
hamidan,हामिदन,हामीदन
mineral,मिनरल,मिनेर
centennial,सेंटेंनियल,सेंटनेलियन
bagbagichon,बागबगीचों,बागबाईचों
pranit,प्रनीत,प्रणित
bhedabhaavon,भेदभावों,भेदाभावो
karaahanaa,कराहना,करहना
sherawat,सहरावत,शेरावत
ralaud,रालोद,रलौद
jatakon,जातकों,जाटकों
rishte,रिश्ते,रिष्टे
bentonville,बेंटनविल,बेंटोनवि
phatahee,फटही,फतही
kerala,केरला,केराल
ladaaiyon,लड़ाईयों,लदाईयों
whitaker,वाईटेकर,व्हाईटक
vidisha,विदिशा,विदीशा
paul,पॉल,पौल
chhutane,छूटने,छुटने
poorneshwari,पूर्णेश्वरी,पूर्नेश्वरी
visabal,विसबल,विसाब
daramyanee,दरम्यानी,दरम्यनी
vidhamaan,विधमान,विधमाँ
yatraein,यात्राएं,यत्राएं
sunteck,सनटेक,सुन्ट
gujarata,गुजारता,गुजरता
niyanta,नियंता,नियांत
dum,डम,डु
awasthi,अवस्थी,अवास्थ
plus,पल्स,प्लस
bhen,भें,भेन
kpo,केपीओ,क्पो
insano,इंसानो,इन्सान
merraige,मैरेज,मेरेे
asfalt,एस्फाल्ट,अस्फाल्ट
laundry,लॉन्ड्री,लाउंडरी
ski,स्की,एसकी
lela,लेलऽ,लेला
jagaragallu,जगारागल्लू,जगरागलू
mejbani,मेजबानी,मेजबनी
chkkar,चक्कर,च्क्क
crawford,क्रोफोर्ड,क्राईफोर्
guduri,गुदुरी,गुडुरी
nag,नग,ना
matsyavatar,मत्स्यावतार,मत्स्यावतर
scootaron,स्कूटरों,स्कूतरों
survanaa,सुर्वणा,सुरवाना
sofner,सॉफ़्नर,सोफनर
squash,स्क्वैश,स्क्वाश
randolph,रैंडोल्फ,रेंडोल्फ
mezbaan,मेज़बान,मेज़बाँ
sprit,स्प्रिट,स्पृत
sheelabhang,शीलभंग,शीलांभ
kalmein,कलमें,कल्मे
mandi,मंडी,मण्ड
arthawyavasthataaon,अर्थव्यवस्थताओं,अर्थव्यव्थाताओं
kundaliya,कुंडलियाँ,कुंडलिया
nimkathana,नीमकाथाना,निमकथना
farm,फाॅर्म,फ़र्म
putta,पुट्टा,पुत्ता
faurensis,फारेंसिस,फायरेंसि
purooshottamachary,पुरूषोत्तमाचार्य,पूरूषोत्तमाचारी
bonds,बॉंन्ड्स,बॉन्ड्स
shikaayatkartaa,शिकायतकर्ता,शिकायात्रकत
cronfrencing,क्रान्फ्रेंसिंग,क्रोन्फ़्रेंसिं
ubal,उबाल,उबल
halmatpura,हलमतपुरा,हालमतपुर
haqeeqat,हकीकत,हकीक़
barman,बर्मन,बरमन
vartmaan,वर्तमान,वार्तमा
baantin,बांटीं,बांटिन
achanbha,अचंभा,अचनभा
jiwanparyant,जीवनपर्यंत,जीवाणपर्यं
wadara,वदरा,वादर
sadaqen,सडक़ें,सदाकें
aisa,एेसा,एसा
jyotishyshastron,ज्योतिष्यशास्त्रों,ज्योतिषाष्ट्रस
pythagoras,पाइथागोरस,पाठ्योगार
engelin,एंजेलिन,एंजेििन
kapolkalpana,कपोलकल्पना,काोपल्लकना
dropadiyon,द्रोपदियों,द्रोपडियों
bangbandhu,बंगबंधु,बांगबंध
usay,उसेे,उसय
mercado,मर्काडो,मेरकाडो
offshor,ऑफशोर,ओफ्शर
kapurthala,कपूरथला,कपूर्थल
sahovaliya,साहोवालिया,सहोवलिया
maladahiya,मलदहिया,मलादहिय
hymen,हाइमन,हायमे
indaurnagar,इंदौरनगर,इंडोरनगर
visheshagyataon,विशेषज्ञताओं,विशेषाग्याता
caplin,कैपलिन,कैप्लि
mahapran,महाप्राण,महाप्रन
reno,रिनो,रेनो
amara,अमारा,आमरा
sensing,सेंसिंग,सेन्सिं
tyler,टाइलर,टायलर
sangareddi,संगारेड्डी,सांगरेड्डी
mardani,मरदानी,मार्दा
bamleshwaree,बम्लेश्वरी,बमलेश्वरी
deewani,दिवानी,दीवानी
shimat,शिमट,शिमत
banaam,बनाम,बनम
prawrutriyon,प्रवृत्रियों,प्रावृत्रियो
xiong,शियोंग,स्योंग
varsted,वर्स्टेड,वार्स्टे
naimul,नैमुल,नाइमू
badhotri,बढ़ोतरी,बधोत्री
chhanyasa,छांयसा,छान्या
niptaaraa,निपटारा,निप्तरा
sujhati,सुझाती,सुझती
pathalogist,पैथेलॉजिस्ट,पैथलाजिस्ट
tide,टाइड,टिडे
shrungar,शृंगार,श्रुंग
braandes,ब्रान्डेस,ब्रांडेस
parmeshvarpur,परमेश्वरपुर,पर्मेश्वरपु
jedateeisaaft,जेडटीईसाफ्ट,जेदीतीसफ्त
uddhaatan,उद्धाटन,उद्धातन
stan,स्टैन,स्टान
gatishilata,गतिशीलता,गातिशीलत
tribunal,ट्रिब्युनल,त्रिबनुल
khyber,ख़ैबर,खाबेर
dharmagranthon,धर्मग्रंथों,धर्माग्रन्थ
prawrittiyon,प्रवृत्तीयों,प्रावृतियों
gaanth,गांठ,गाँठ
mysore,मैसोर,माइसो
sehgal,सहगल,सेहग
namkin,नमकीन,नामकि
vaidh,वैध्,वैध
vanaspatiyaan,वनस्पतियाँ,वनस्पतियां
jiangkou,जियांगकोऊ,जियांगकोआ
elbaino,एल्बाइनो,एल्बानो
bhurbhura,भुरभुरा,भुरभूरा
gastrology,गैस्ट्रोलॉजी,गेस्ट्रोलॉजी
sajsajja,साजसज्जा,सज्जस्जा
raatrichar,रात्रिचर,रात्रीचर
jalbhrav,जलभराव,जल्हरव
montgomery,मोंटगोमरी,मांटगोमेर
bhrastrachariyon,भ्रष्ट्राचारियों,भ्रस्त्राचारियों
dwn,डीडब्ल्यूएन,डीवेन
streshan,स्ट्रेशन,स्त्रेशन
ganthe,गांठे,गंठे
gehlot,गहलोत,गहलोट
jivaniyan,जीवनियां,जीवणियां
kharuwaar,खरुवार,खारूवा
anyonyashritta,अन्योन्याश्रितता,अन्योनाश्यृत्त
ninties,नाइनटीज,निंटीज
paancholaas,पांचोलास,पाँचोलास
reson,रेसों,रेसन
vaataanukooliton,वातानुकूलितों,वातानुकूतिनों
chatushkoniya,चतुष्कोणीय,चतुष्कोनिय
aamdi,आमदी,आम्ड
dushtaapurvak,दुष्टतापूर्वक,दुष्टापूर्वक
chuka,चौका,चूका
mizoram,मिज़ोरम,मिजोरम
torrance,टोरेंस,टॉरेंस
oodhami,ऊधामी,ऊधमी
srijanvigyanee,सृजनविज्ञानी,श्रीजनविज्ञा
nextgen,नेक्स्टजेन,नेक्सजेन
rukavaton,रूकावटों,रुकवतों
bhavanaon,भावनाओं,भवनाओं
dehdhaari,देहधारी,देहदारी
parikhaen,परीक्षाएं,परिखाएं
prospex,प्रॉस्पेक्स,प्रोस्पेक्स
naeedilli,नईदिल्ली,नीदलि
saayn,सायं,सायन
geneva,जिनीवा,गेनेवा
baramula,बारामुला,बारामूला
vandemataram,वन्देमातरम्,वंदेमतरम
safari,सफारी,सफरी
chamba,चम्बा,चाम्ब
sawal,सवाल,सावल
bannari,बन्नारी,बन्नरी
fatehpur,फ़तेहपुर,फतेहपुर
pehnate,पहनता,पहनात
normal,नॉर्मल,नोर्मल
allout,ऑलआउट,अलाउट
manassas,मनासस,मानसस
karyakaryakartaon,कार्यकार्यकर्ताओं,कार्यकर्यकर्ताओं
phaadanhe,फाडऩे,फादन्ह
kushan,कुषाण,कुशन
infibeam,इन्फिबीम,इनफिबेम
chachaji,चाचाजी,चचाजी
chandrabali,चंद्रबली,चन्द्रबल
baripada,बारिपदा,बरीपाड़
roohelkhand,रूहेलखंड,रूहेलखण्
ghairakaanoonee,ग़ैरकानूनी,घैरकाननी
aarekhah,आरेखः,आरेखा
pramukhkarmiyon,प्रमुखकर्मियों,प्रमुखक्रमियों
thiyeters,थियेटर्स,थाइेटर्स
assam,असम,आस्
faanon,फानों,फाानो
jyada,ज़्यादा,ज्यादा
theateron,थियेटरों,थीएेरों
safaikarmi,सफाईकर्मी,सफीकर्मी
bieseses,बीएसएसएस,बाइसेस
cronfrensing,क्रान्फ्रेंसिंग,क्रोन्फ़्रेंसिं
shaksubahey,शकसुबहे,शक्सूबा
paratrooper,पैराट्रूपर,पैराटरपुर
dabhara,डभरा,दभरा
usi,उसी,यूए
nihsandeh,निःसंदेह,निहसंदेह
banthia,बांठिया,बांथिया
anam,अनम,अना
baavadee,बावडी,बावड़
kaaryayojna,कार्ययोजना,कार्योजना
francisko,फ्रांसिस्को,फ्रैन्सिक्स
adani,अदाणी,अदनी
megapixel,मेगापिक्सल,मेगाप्रिकल
cryptocurrencyon,क्रिप्टोकरेंसियों,क्रिप्टोक्रेक्शन
muth,मूठ,मुथ
authoritee,ऑथोरिटी,अथोराइट
aparivartanshil,अपरिवर्तनशील,अपरिवर्तनिशल
attraa,अट्टरा,अत्त्र
amanati,अमानती,अमनति
khammam,खम्मम,खम्मा
bhavabhivyaktiyon,भावाभिव्यक्तियों,भावाभिव्यक्तिओं
nerolac,नेरोलेक,नेरोलैक
siddhalingaa,सिद्दालिंगा,सिद्धलिंग
bharatnatyam,भरतनाट्यम्,भारतन्यतम
javabah,जवाबः,जवबाह
dushwariyon,दुश्वारियों,दुश्वरियों
jiyo,जीयो,जियो
sim,सीम,सिम
peeechdablyooseees,पीएचडब्ल्यूसीएस,पीचडब्लयसिज
bahav,बहाव,बहव
agavai,अगवाई,अगावै
higman,हाइमन,हिगमै
qiwi,क्यूआईडब्ल्यूआई,क्विवी
agende,एजेंडे,अगेंदे
lynchburg,लिंचबर्ग,लिनचबुर्
maangeena,मांगीना,माँगीना
srujanvigyaani,सृजनविज्ञानी,स्रुजनविज्ञा
detasan,डेटसन,डेटास
urf,उर्फ,यूआर
lux,लक्स,लुक्
paithelaujist,पैथेलॉजिस्ट,पैथेलाजिस्ट
paryaptta,पर्याप्तता,पर्याप्ता
furti,फूर्ति,फुर्ती
mrutyuniwaarak,मृत्युनिवारक,म्रुत्युनीवा
maruti,मारुति,मरूती
alo,एएलओ,एलो
pegaw,पेगव,पेगा
pilibhit,पीलीभीत,पिलिभित
sanchalnon,संचालनों,संचलनों
daraatee,डराती,दराती
yaddasht,याद्दाश्त,यदद्ष
sabudana,साबुदाना,सबूदन
stimberwala,स्टिम्बेरवाला,स्टिंबरवाला
mayajaal,मायाजाल,मायाजल
pes,पेस,पीए
outomaitically,औटोमैटिकली,आउटमैटीकली
phiksingah,फिक्सिंगः,फिकसिंह
lagna,लगना,लग्न
landal,लेंडल,लांडल
viraangnaaon,वीरांगनाओं,विरांगनाओं
yanit,यनित,यानि
purnia,पूर्णिया,पुर्निया
ladeen,लड़ीं,लदीन
abut,एबट,एबी
lajjalu,लज्जालु,लज्जलू
sabhaar,साभार,सभार
gairarashtravaadee,गैरराष्ट्रवादी,गैरारत्ष्व्दाव
vidhaaein,विद्याएं,विधाएं
svayamsveekrat,स्वयंस्वीकृत,स्वयंस्वीकर्
electrotex,इलेक्ट्रोटेक्स,इलेक्ट्रोएक्टो
dune,दूने,डुने
protects,प्रोटेक्ट्स,प्रोटेक्टों
vareinye,वरेण्य,वरेंये
mazboori,मज़बूरी,मजबूरी
praveenchand,प्रवीनचंद,प्रवीणचंद
aatmayen,आत्माएं,आत्मयें
jalgti,जलगति,जलगती
chacchaa,चच्चा,चच्छा
afreen,आफरीन,अफ्री
bazaru,बाजारू,बाज़ार
pharse,फरसे,फार्
tuning,ट्यूनिंग,ट्निंग
nodaraanee,नोडरानी,नोदरानी
vidhaanee,विधाणी,विधानी
gujar,गुजार,गुजर
pakadkar,पकडकर,पाकड़
aankhen,ऑंखें,आँखें
anvaharya,अन्वाहार्य,अन्वाहर्य
paathyakram,पाठ्यक्रम,पाठयक्रम
mandalaayukto,मण्डलायुक्तो,मंडलायुक्तो
jhaaiyaan,झाइयां,झाइयाँ
simferopol,सिम्फरपोल,सिं्फरोपॉ
nikharegaa,निखरेगा,निखेगा
ghumaan,घुमाण,घुमान
hounga,होऊंगा,हाउंगा
dhakal,ढकाल,धकल
bernard,बर्नार्ड,बरनार्ड
yogabal,योगबल,योगाब
dish,डिश,डीश
aithan,ऐठन,ऐतन
tremasik,त्रैमासिक,ट्रेमासिक
tasvire,तस्वीरे,तसवारे
vyvhargat,व्यवहारगत,व्यवहरगत
prasath,प्रसाथ,प्रसथ
overall,ओवरऑल,ओवरएल
purwafalguni,पूर्वाफाल्गुनी,पूर्वालघुनी
properphasebook,प्रॉपरफेसबुक,प्रोपरफ़ेबसू
sapate,सपाटे,सपते
nathdwara,नाथवाड़ा,नाठद्वार
oran,ओरण,ओरन
ear,इअर,ईईआ
submission,सबमिशन,सम्बिश
dharak,धारक,धरक
tadad,तदाद,तदद
haute,हाउते,हौटे
behuria,बहुरिया,बेहुरिय
churu,चूरू,चुरू
missouri,मिसौरी,मिसररी
generat,जेनरेट,जेनेरत
nyutest,न्यूटेस्ट,न्युटेस्ट
garud,गरुड़,गरूद
swaastikakaar,स्वास्तिकाकार,स्वास्तिकार
shaie,शैइ,शाइ
siddhantavaadiyon,सिद्धांतवादियों,सिद्धान्तवादियो
anawashyak,अनावश्यक,अनावाश्य
seaten,सीटें,सीटेन
firmian,फर्मिऑन,फ़िरमिय
tyre,टायर,टाइर
nbcc,एनबीसीसी,एनबीएसी
shreeganganagarvaasiyon,श्रीगंगानगरवासियों,श्रीगणगारवासियों
cambridge,कैंब्रिज,कैम्ब्रि
idol,आइडल,आईदो
aajmaanaa,आजमाना,आजमान
tantrikao,तंत्रिकाओं,तांत्रिकाओ
jonesboro,जोन्सबोरो,जोनेसबोरो
klozup,क्लोज़अप,क्लोज़प
kamarhati,कमारहाटी,कमरहटी
asphault,एस्फाल्ट,एस्फॉल्ट
fransisko,फ्रांसिस्को,फ्रैनसिस्को
maulvidon,मौलवियों,मौलविदों
narwar,नरवर,नरवा
lahlahati,लहलहाती,लहलाहती
byaawa,ब्यावर,ब्यावा
naamajadagee,नामजदगी,नामाज़द
takah,तकः,तकह
laamiyan,लामियां,लामियाँ
gin,जिन,जीआ
swechha,स्वेच्छा,स्वेछा
antadiyaan,अंतडियां,अंतदियाँ
arya,आर्यो,आर्या
polishing,पॉलिशिंग,पोलीशिंग
jokhimabharaa,जोखिमभरा,जोखीमभार
umadatee,उमड़ती,उमदती
samoa,सामोआ,समोआ
lawrie,लॉरी,लावे
pahante,पहनते,पहंटे
nimnavat,निम्नवत्,निम्नावत
roopesh,रुपेश,रूपेश
pratibaddhata,प्रतिबद्धाता,प्रतिबद्धता
nadep,नाडेप,नददेप
sailaaneepan,सैलानीपन,सैलानीन
menrajya,मेंराज्य,मेनराज्य
aaboorod,आबूरोड,आबूरोद
nividaataaon,निविदाताओं,निवीदाताओं
phwcs,पीएचडब्ल्यूसीएस,पीवीएचसी
woonsocket,वुनसोकेट,वूनसॉकेट
urff,उर्फ,यूआर
theratipally,थेराटीपल्ली,थेराटीपाली
pahanate,पहनते,पहनात
bhagedh,भगेड़,भागेध
pransangali,प्राणसंगली,प्रांसंगली
jalvayu,जलवायु,जलवायू
krendron,क्रेन्द्रों,क्रेंड्रो
maujud,मौजुद,मौजूद
siddhaant,सिद्घांत,सिद्धान्
kamyuniketars,कम्युनिकेटर्स,काम्युनीकेट्स
chidchidapan,चिड़चिड़ापन,चिड़चिदापन
muthoot,मुथूट,मुथूत
cincinnati,सिनसिनाटी,सिंसिनेटी
andaman,अंडमान,अंदमन
badyal,बडयाल,बद्या
morepen,मोरपेन,मोर्पे
beard,बियर्ड,बीयर्ड
nodarani,नोडरानी,नोदरानी
dikhayee,दिखायेे,दिखायी
chink,छींक,चिंक
aainthoo,आइंथू,आइंतू
ahemdabadah,अहमदाबादः,अहेमदाबाह
cigniti,सिग्निटी,सिगनिटी
pravritteeyon,प्रवृत्तीयों,प्रवृत्तियों
lakshmeechandra,लक्ष्मीचन्द्र,लक्ष्मीचंद्र
hammond,हैमंड,हामों
dhunai,धुनाई,धुनई
cant,कांट,कैंट
melaghaat,मेलघाट,मेलाघा
mue,मुऐ,म्य
dampatya,दांपत्य,दंपत्या
kpada,कपड़ा,केपड़
maanavtarhit,मानवटरहित,मानवतरहित
anuprayogi,अनुप्रयोगों,अनुप्रयोगी
harvey,हार्वे,हार्वी
kaju,काजू,कजू
cerritos,सेररितोस,सेरिटोस
texmaco,टेक्समैको,टेक्समाको
tuth,ट्रुथ,तुथ
lozano,लोज़ानों,लोजानो
chhinke,छींके,छिंके
pujapath,पूजापाठ,पूजापथ
chanan,चानन,चनन
chhednaa,छेड़ना,छेदना
schultz,शुल्ट्ज,श्लूट्ज
istrailiyon,इस्त्राइलियों,इस्ट्रेलियों
danville,डैनविल,डानविल
prana,प्राना,प्राण
thaakurvaadee,ठाकुरवादी,थाकरूवादी
wyakteeyon,व्यक्तीयों,व्यक्तियों
metrologist,मैट्रोलॉजिस्ट,मेट्रालॉजिस्ट
madhura,मढ़ौरा,मधुरा
denver,डेनवर,देनवे
apj,एपीजे,एपीज
beni,बैनी,बेनी
bhrashtaachaariyon,भ्रष्टाचारीयों,भ्रष्टाचारियों
sudhaargrah,सुधारगृह,सुधारग्र
sandali,संदली,संदाल
tapuwo,टापुओं,तपूवो
ballebaajee,बल्लेबाज़ी,बल्लेबाजी
maadheekhedhaa,माड़ीखेड़ा,माधीखेढ़ा
arthshaastriyon,अर्थशास्त्रीयों,अर्थशास्त्रियों
mehman,मेहमान,मेहमैन
tyauharon,त्यौहारों,त्यौहरण
beechbachaav,बीचबचाव,बीच्याच
sulati,सुलाती,सुलती
varshan,वर्शन,वर्षण
patil,पाटिल,पतिल
soto,सोटो,सोतो
dhtuen,धातुएं,ध्टूएन
bhaagadaud,भागदौड,भागड़ौ
arushi,आरुषि,अरुषी
agusta,अगस्ता,अगुस्त
titan,टाइटन,तितन
airtel,एयरटेल,एयरतेल
alaps,ऐल्प्स,एलप्प्
naksali,नक्सली,नक्साल
galaega,गलाएगा,गलेगा
foodon,फूडॉन,फूड़ो
rajnichi,राजनीचि,राजनीची
streamwood,स्ट्रीमवुड,स्ट्रेमवूड
music,म्यूजिक,म्यूसिक
purkayastha,पुरकायस्थ,पुर्कायस्
tonic,टॉनिक,टोनिक
sunsaan,सूनसान,सुनसां
tangirala,टेंगीरला,तंगीराला
hanson,हेनसन,हैंसन
varun,वरुण,वरुन
doudaate,दौड़ाते,दूदाते
sharabon,शराबों,शारबों
vyakteeyon,व्यक्तीयों,व्यक्तियों
saatseraa,सातसेरा,सात्सेर
darjano,दर्जनों,दर्जनो
agniyaan,अग्नियां,अग्नियाँ
awasthaen,अवस्थाएं,अवास्थाए
himamaanav,हिममानव,हिमामनव
two,टु,ट्
ail,ऐल,एआ
shraddhavanon,श्रद्धावानों,श्रद्धावनों
mariyo,मारियो,मरियो
vyaghat,व्याघात,व्याघाट
michael,माईकल,मिचेल
adrgh,अद्र्घ,अद्ग
vitthal,विट्ठल,विठ्ठल
prarup,प्रारूप,प्रारुप
dhoondhti,ढूंढती,ढूंढ़त
ladne,लडने,लड़न
form,फार्म,फॉर्म
zuari,जुवारी,जुआरी
pariwarwale,परिवारवाले,परिवरवाले
peranormal,पैरानॉर्मल,पेरेनर्मल
bhuvneshvaprasad,भुवनेश्वप्रसाद,भुवनेश्वपास्द
iris,आईरिस,आइआरआ
lebalon,लेबलों,लेबालो
snikarse,स्नीकर्स,स्निकारस
kain,कईं,कैन
karta,कटरा,कार्
anyay,अन्याय,अन्यय
nokari,नोकरी,नोकार
precision,प्रिसिशन,प्रिसिजन
chrom,क्रोम,च्रोम
jue,जुए,जूए
bowling,बोलिंग,बाउलिं
catholicon,कैथोलिकों,कैथोलिकन
nazarandaz,नजरंदाज,नज़ारनं
mulchand,मूलचंद,मुलचन्
sweccha,स्वेच्छा,स्वेच्छ
nanyaulaa,नन्यौला,नानयौला
underwood,अंडरवुड,अंडरवूड
petroselee,पेट्रोसेली,पेट्रोसील
amdi,आमदी,आमडी
daisy,डेजी,देसी
jababee,जबाबी,जबबी
cup,कप,सी
ulahna,उलाहना,उलहना
gaandchubhonachoosnachhote,गांडचुभोनाचूसनाछोटे,गांच्यूभूनोष्टे
han,हां,हन
pradarshan,प्रर्दशन,प्रदर्शन
sarjuga,सरगुजा,सरजुगा
bidar,बीदर,बिदा
amargad,अमरगढ़,अमरगड
intelligence,इंटेलीजेंस,इंटेलिजेंस
khanaudaa,खनौदा,खानौड
moolchand,मूलचंद,मूलचन्
silchar,सिल्चर,सिलचर
udakishuganj,उदाकिशुनगंज,उदाकीशुगजन
sirtee,सिरती,सिर्ट
yamala,यमला,यमाल
sierra,सिएरा,सियरा
aalhaa,आल्हा,अल्हा
peck,पेक,पीए
taskhir,तसखीर,तासखी
daka,डाका,डका
nominate,नॉमिनेट,नोमिनेट
sapat,सपाट,सपत
coimbatore,कोयम्बटूर,कोइंबबोरे
svayattshasan,स्वायत्तशासन,स्वायत्तशान
rigal,रीगल,रिगा
diamond,डायमंड,डायमां
sutrapada,सूत्रपाडा,सूत्रपदा
keeti,कीति,कीती
mangesh,मंगेश,मांगे
pension,पेंषन,पेन्श
laganewale,लगनेवाले,लगानेवाल
eksath,एकसाथ,एकसाठ
dow,डीओडब्ल्यू,डॉव
samshayon,संशयों,समशायो
badhanaa,बढना,बढ़ा
classon,क्लासों,क्लासन
ikhrul,उखरुल,इखरुल
furaame,फुरामे,फ़रामे
ebaz,एबज,एबा
jushantan,जुशान्तान,जुशान्तन
strong,स्ट्रॉन्ग,स्ट्रंग
rajnitikaron,राजनीतिकारों,राजनीतीकरण
panipat,पानीपत,पनिपत
blankaard,ब्लांकार्ड,ब्लैनकार्ड
jhabua,झाबुआ,झबुआ
jacinto,जकिंटो,जैसिंट
suchnah,सूचनाः,सूचनाह
electromagic,इलेक्ट्रोमैजिक,इलेक्ट्रामेजिक
lalmani,लालमणी,लालमान
bhaaulaal,भाऊलाल,भौलाल
kathua,कठुआ,कथुआ
amitao,अमिताव,अमिताओ
tadanrustee,तदंरुस्ती,तादन्रस्त
vlad,व्लाद,व्लैड
slash,स्लैश,स्लाश
luis,लुईस,लुइस
panchasootra,पंचसूत्र,पंचासूत्
aryama,अर्यमा,आर्यमा
junction,जंक्शन,जंकशन
generic,जेनरिक,जेनेरि
sophner,सॉफ़्नर,सोफनर
qwvga,क्यूडब्ल्यूवीजीए,क्वव्वा
dhvanimikon,ध्वनिमिकों,ध्वनिमियों
sukadiyaal,सुकडि़याल,सुकड़ियाल
angadh,अनगढ़,अंगाध
chhodiye,छोडिये,छोड़िए
cipla,सिप्ला,सिआईपी
dhasmaanaa,धस्माना,धस्मान
longewal,लोंगोवाल,लोंगेवाल
badam,बदाम,बदम
sanvari,संवरी,साँवर
arabpatiyon,अरबपतियों,अराबपतियो
phode,फोड़े,फोडे
dhoondhata,ढूंढता,ढूँढता
cruces,क्रुसेस,क्रूसेज
dlw,डीएलडब्ल्यू,डीएलव
plan,प्लेन,प्लान
pailot,पायलट,पैलोट
phainn,फैंन,फैन
favvara,फव्वारा,फैववारा
halchal,हालचाल,हालचल
yaaddaashta,याद्दाश्त,यादद्शत
ujjain,उज्जैन,उज्जाइ
sahyaatre,सहयात्री,सह्यात्र
sarawagi,सारावागी,सरावगी
dekhiyegaa,देखियेगा,देखिएगा
wajood,वजूद,वजजू
management,मैनेजमेंट,मैनेजेमें
karyakaaryakartaon,कार्यकार्यकर्ताओं,कार्यकार्यक्ताओं
ruktey,रुकते,रुक्त
damapar,दमपर,दामा
thikane,ठिकाने,ठिकने
interactuality,इंटरटेक्चुअलिटी,इंटरेक्कुटलि
cdyaan,सीडीयां,साडयां
choodhe,चूड़े,चूढ़े
thirty,थर्टी,थिर्ट
nadsa,नक्सल,नदसा
gujarat,गुजरात,गुजरत
darshnarthee,दर्शनार्थी,दर्शन्ररी
dhokebaaj,धोखेबाज,धोकेबाज
beeaaeeaaeeteeem,बीआईआईटीएम,बीअीटीम
somwaar,साेमवार,सोमवार
wanon,वाणों,वानों
audhyogikaran,औद्योगिकरण,औध्योगीकरण
agrahari,अग्रहरि,अग्रहरी
aafa,आफॅ,आफा
misra,मिश्रा,मिसरा
naagrik,नागारिक,नागृिक
makarh,मकरः,मकरह
gtor,जीतोड़,जीटीओआ
ballistic,बैलिस्टिक,बललिस्टिक
maange,मांगे,माँगे
nilabh,नीलाभ,नीलभ
singhade,सिंघाड़े,सिंघड़े
hisaarah,हिसारः,हिसारह
taskheer,तसखीर,तासखी
ishaara,इशारा,ईशार
florence,फ्लोरेंस,फ्लोरेन्
paraamarshak,परामर्शक,परार्षक
theaters,थियेटर्स,थीएटर्स
aadaan,आदान,आदाँ
ambience,आंबियंस,एम्बीन्
surakshaah,सुरक्षाः,सुरक्षाह
baanyaa,बांया,बाँया
rookvaai,रुकवाई,रूकवाई
mitravat,मित्रवत,मित्राव
pratinidhikaaree,प्रतिनिधिकारी,प्रतिनिधिकारे
dhaiya,ढैया,धैया
leandro,लियान्ड्रो,लीनड्रो
sean,शॉन,सीन
chuchiyaan,चूचियां,चुचियाँ
mahamidiya,महामीडिया,महामिदिया
shohadapantee,शोहदापंती,शोहादपंती
kushaan,कुषाण,कुशान
jamloki,जमलोकी,जामलोक
advivas,अधिवास,अदविवा
murrieta,मुर्रिएटा,मुरीरता
tinplate,टिनप्लेट,टिन्पलेट
vaan,वाण,वाँ
mezbaan,मेजबान,मेज़बा
pruitt,प्रूट,प्रुट
rojvelt,रुजवेल्ट,रोजवेल्ट
ulazaanon,उलझानों,उलज़ानो
patrakaarvarta,पत्रकारवार्ता,पत्रकारार्वता
duar,दुआर,दुअर
kathfodave,कठफोड़वे,कठोपड़वे
bipin,बिपिन,बाईपि
offerh,ऑफरः,ओफरह
isayiyon,ईसाइयों,इसायियो
propellent,प्रोपेलेंट,प्रॉपेलेंट
kansai,कंसाई,कांसा
sikhin,सीखीं,सिखिन
abbott,एबोट,एबॉट
katlari,कटलरी,कटलार
phyuchuristic,फ्यूचुरिस्टिक,फ्यूचारिस्टिक
tereeh,तेरीः,तेरीह
avery,एवरी,अवेर
suba,सूबा,सुबा
shakhayen,शाखाएं,शाखयें
failaiye,फैलाइए,फैलाइय
jhauvaa,झउवा,झौवा
janhani,जनहानि,जान्हा
taswaron,तस्वारों,तस्वरों
basteeh,बस्तीः,बस्तीह
phadphadaaen,फड़फड़ाएं,फड़फ़ड़ाए
kmere,कमेरे,केमेर
svayamswikrat,स्वयंस्वीकृत,स्वयंस्वीकरत
majboori,मज़बूरी,मजबूरी
convocation,कन्वोकेशन,कॉनवकेशन
jaipur,जयपुर,जैपुर
narm,नरम,एनआ
titagarh,टीटागढ़,तितागढ़
rajyamantreesvatantra,राज्यमंत्रीस्वतंत्र,राज्यमंत्रीजीश्तर्व
gujarana,गुजारना,गुजराना
anhoni,अनहोनी,अन्होन
marriage,मैरेज,मैर्र
kanchan,कंचन,कांच
lairi,लैरी,लेइर
jalbharav,जलभराव,जलाराव
bhaadaa,भाड़ा,भादा
piega,पिएगा,पियाग
stephens,स्टीफेंस,स्टेफेन्
accelya,एक्सेल्या,अक्सेल्या
wirerless,वायरलेस,वायरलेल
chauda,चौड़ा,चौडा
parbhani,परभणी,परभान
badhna,बढना,बढ़न
burch,बर्च,बुर्
dubona,डुबोना,दुबोना
sutali,सुतली,सुताल
wealth,वेल्थ,विल्थ
patrani,पटरानी,पत्रान
paim,पैम,पीए
castaneda,कास्टानेडा,कास्तानेडा
bhatnagar,भटनागर,भटनगर
ecuador,इक्वाडोर,इक्योडर
rushikul,ऋषिकुल,रुशिकु
tate,टेट,तते
kanthhar,कंठहार,कांथर
beaulad,बेऔलाद,ब्यौलद
europea,यूरोपिया,युरोपिया
gaye,गए,गा
pakdaae,पकड़ाए,पड़काए
colorado,कोलोराडो,कोलेडाो
jagruti,जागृति,जागरूट
andhra,आंध्रा,अन्ध्र
chounkate,चौंकाते,चौंकते
bekhvaabiyaan,बेख्वाबियां,बेखवाबियाँ
utpidan,उत्पीडऩ,उत्पीडन
saga,सागा,सगा
udan,उड़ान,उद्न
sanyuktawastha,संयुक्तावस्था,संयुक्तवस्था
shamtal,शमलात,शमताल
evava,एवव,ऐवा
adhiwaktaagan,अधिवक्तागण,अधिवक्तागा
ralhan,रल्हन,रल्हा
jhuthalane,झुठलाने,झुठलने
chinmani,चिनमणि,चिनमनी
loksbhavaali,लोकसभावाली,लोकस्भवली
ladki,लड़की,लाड़क
narsinghgarh,नरसिंहगढ़,नरसिंगहर
sanghathanamantriyon,संगठनमंत्रियों,संघठनामत्र्यों
manmarji,मनमर्जी,मानाजरी
antrmukh,अंतर्मुख,अन्त्रुम
rishtanaataa,रिश्तानाता,रिश्नताा
dviarthi,द्विअर्थी,द्वियार्थ
chootile,चुटीले,छूतीले
hattiesburg,हैटीज़बर्ग,हट्ीसबर्ग
raigulization,रैगुलाइजेशन,राइगुलेजेशन
vindhya,विंध्या,विंध्य
fixingah,फिक्सिंगः,फिक्सिंगह
kamjor,कमज़ोर,कमजोर
chaudhavan,चौदहवां,चौधवन
shrunkhla,श्रंखला,श्रुंखल
vipannta,विपन्नता,विपान्ता
proofread,प्रूफ़रीड,प्रूफ्रिय
yojnah,योजनाः,योजनाह
webuniyadee,वेबुनियादी,वेबुनियाडी
rumani,रुमानी,रूमानी
sahu,साहू,साहु
seattle,सीऐटल,सीटल
stain,स्टैन,स्टेन
insaani,इनसानी,इंसानी
ladadd,लदड,लाड
antadiyan,अंतडियां,अंतदियां
kochchih,कोच्चिः,कोच्छीह
ganapathy,गणपति,गणपाथ
farmic,फार्मिक,फर्मिक
padengee,पड़ेंगी,पड़ेगी
mukarrar,मुक़र्रर,मुकर्रर
niptakar,निपटाकर,निप्तकर
holidays,होलिडेस,होलिडेय
utthak,उठ्ठक,उत्थक
jagayega,जगाएगा,जगयेगा
shakhsiyaten,शख्सियतें,शख्सीयतें
zalana,झालाना,ज़लाना
habra,हाबरा,हाब्र
azoospermia,एजूस्पर्मिया,एज़ुस्पेरिमा
foodworks,फ़ूडवर्क्स,फूडवर्क्स
graham,ग्राहम,ग्रहम
jagtap,जगताप,जग्ता
dubna,डूबना,डुबना
tasir,तासीर,तासिर
eyarkandishnar,एयरकंडीशनर,इयारक्णींद
eddi,एड्डी,एडीडी
macon,मैकॉन,मॉकन
ainth,ऐंठ,ऐंत
dork,डॉर्क,डोर्क
ghareebon,ग़रीबों,घरीबों
taraashakar,तराशकर,ताराशक
observer,ऑब्जर्वर,ओब्सरवर
aarya,आर्यो,आर्या
saathsaath,साथसाथ,साठसाठ
packagon,पैकेजों,पैकागन
hindon,हिंडन,हिन्द
aprihary,अपरिहार्य,अपृहरी
karvi,कर्वी,करवी
client,क्लांइट,क्लिंट
shararat,शरारत,शरररत
ventura,वेंचुरा,वेंटुरा
rollins,रोलिंस,रोलिन्
haynes,हैन्स,हेनेस
krantiyon,क्रांतियों,क्रान्तियो
gidgidate,गिड़गिड़ाते,गिड्गिडेट
nigmaayukt,निगमायुक्त,निग्मायुक्
novato,नोवाटो,नोवतो
faansi,फांसी,फाँसी
lewisville,लेविसविल,लीवाइसवी
prakaashit,प्रकाषित,प्रकाशित
clariant,क्लैरिएंट,क्लेरिएंट
khaayal,क़ायल,खायल
dwiarthi,द्विअर्थी,द्वियार्थ
bulandshahr,बुलंदशहर,बुलांदशह
stafford,स्टेफोर्ड,स्टेफर्ड
najariyon,नजरियों,नज़ियों
jeevniyaan,जीवनियां,जीवनियाँ
parmeshwarpur,परमेश्वरपुर,पर्मेश्वरपु
nyootriyo,न्यूट्रियो,न्यूत्रियो
neal,नील,निय
kriptocurrencyon,क्रिप्टोकरेंसियों,क्रिपट्कोर्केशन
svaayattshaasan,स्वायत्तशासन,स्वायत्ष्सन
zarda,जर्दा,जार्ड
vidagdhaa,विदग्धा,विद्ग्ध
mukhyamantripatana,मुख्यमंत्रीपटना,मुख्यमंत्रीपत्ण
gene,जैने,जेने
mhantam,महानतम,महंतम
naabhikund,नाभिकुंड,नाभीकुण्
langaron,लंगरों,लंगारो
polythenon,पॉलिथीनों,पॉलीथेनों
dhundh,ढूंढ,ढुंढ
haan,हां,हाँ
takra,टकरा,तकरा
dhandhekhori,धंधेखोरी,धन्ेखोरी
epoklips,एपोक्लिप्स,इपोकिल्प
vigyaanapeediyaa,विज्ञानपीडिया,विज्ञानपदीय
poonjitantra,पूंजीतंत्र,पूंजीतन्त्
ekstactor,एक्सटेक्टर,एक्स्टेक्ट
zunheboto,ज़ुन्हेबोटो,ज़ुन्हेबो
priyamani,प्रियामणि,प्रियमनि
sukhakar,सूखाकर,सुखाकर
aalochak,आलोचक,आलोचच
bombay,बॉम्बे,बोंबे
vyagra,व्यग्र,व्याग्
charlotte,शार्लेट,चार्लोट
raileeh,रैलीः,रेलीह
mejbaan,मेज़बान,मेजबाँ
dhandhanya,धनधान्य,धनधन्या
dabur,डाबर,दाबु
bsss,बीएसएसएस,बीएसएस
najib,नजीब,नाजी
avsthayen,अवस्थाएं,अवस्थाये
dharmanirpekshtaake,धर्मनिरपेक्षताके,धर्मनिरपेक्षके
farmer,फार्मर,फर्मर
nacl,एनएसीएल,एनएक्ल
somerville,समरविल,सोमरवि
jhulae,झुलए,झुले
dhasmana,धस्माना,धसमाना
bhagdaud,भागदौड़,भगडौद
vadali,वडाली,वडली
nagappattinam,नागापट्टिनम,नागपत्तिम्न
vaimanya,वैमनस्य,वैमन्य
orchha,ओरछा,ओर्छ
sund,सूंड़,सन्ड
prince,प्रिंस,प्रिन्
zuban,ज़ुबान,ज़ुबन
camstudio,कैमस्टूडियो,कैमस्टुडियो
bhusawal,भुसावल,भूसावल
gayatri,गायत्री,गयात्री
ware,वेयर,वायर
enth,ऐंठ,एंथ
ilayachi,इलाइची,इलायची
shreeganganagarwaasiyon,श्रीगंगानगरवासियों,श्रीगणगारवासियों
fitzgerald,फिजराल्ड़,फिट्ज़रलै
chart,चार्ट,चर्ट
sargi,सरगी,सारग
vedon,वेदों,वेडोन
murmur,मरमर,मुरम
madanaganja,मदनगंज,मदनागं
packageon,पैकेजों,पैकेजन
varnankartaaon,वर्णनकर्ताओं,वर्णानकर्ताओ
jyada,ज़यादा,ज्यादा
jhaugunj,झाउगंज,झौगुंज
tadanrusti,तदंरुस्ती,तदन्रस्ति
el,ऐल,ईए
aamariyapadha,आमरियापाड़ा,आमरियापधा
emdablyupiel,एमडब्ल्यूपीएल,एमडाब्लायपील
vidhaaon,विद्याओं,विधाओं
singha,सिंहा,सिंघा
pensiondhariyon,पेंशनधारियों,पेन्सनधारियो
barah,बारह,बरह
dubana,डूबना,डुबान
esetal,एसेटल,इसेटल
chouhan,चौहान,चौहन
apex,एपेक्स,एपीएक्
shrikhand,श्रीखंड,श्रीखण्
textiles,टेक्सटाइल्स,टेक्स्टाइल्
agarwal,अग्रवाल,अगरवाल
cement,सिमटे,सिमें
kraanfrensing,क्रान्फ्रेंसिंग,क्राँ्फ़ेन्सिंग
dhankkar,ढंककर,धंक्क
nizamabad,निज़ामाबाद,निज़ामबाद
lamba,लाम्बा,लंबा
lautis,लउटिस,लाटिस
khaen,खाएँ,खन
dhndhe,धंधे,ध्धे
antayant,अन्त्यन्त,अन्त्यंत
uthanevale,उठनेवाले,उथानेवाल
lehna,लहना,लेहन
siragitti,सिरगिट्टी,सिरागटी
control,कंट्रोल,कांट्रो
cateline,कैटलिन,कैटेला
pakshpat,पक्षपात,पक्षपत
fodo,फोड़ों,फोडो
franciska,फ्रांसिस्का,फ्रैन्सिस्क
prayogaprushth,प्रयोगपृष्ठ,प्रयोगपुर्ष
krantidhara,क्रांतिधरा,क्रान्तिधा
daishwala,डैशवाला,दैशवाला
khurasan,खुरासान,खुरासन
quarantine,क्वॉरेनटाइन,क्वार्टिन
pakshapat,पक्षपात,पक्षपत
truth,ट्रुथ,त्रुथ
sathsath,साथसाथ,साथसाठ
johnson,जॉनसन,जोहनस
bataaya,बाताया,बताया
tughlaqabad,तुगलकाबाद,तुगलाकाबा
hairam,हैरम,हैरा
sarebajar,सरेबाजार,सरेबाजर
jerusalem,येरुशलम,जेरूसले
warnankartaaon,वर्णनकर्ताओं,वर्णानकर्ताओ
fefda,फेफड़ा,फेफ्डा
kamottejna,कामोत्तेजना,कमोट्टेजना
tadipar,तड़ीपार,ताड़ीपर
lutf,लुत्फ,लुट्फ
chataa,चता,चटा
pittman,पिटमैन,पिट्टम
multimedia,मल्टीमीडिया,मल्टीमेडिया
tyohaar,त्यौहार,त्योहार
label,लेबल,लाबे
le,ले,ल
tirthatan,तीर्थाटन,तीर्थतन
vargas,वर्गस,वरगास
dabolim,डाबोलिम,डबोलिम
soochnaah,सूचनाः,सूचनाह
roseville,रोज़विल,रोजेविल
phaaeebrets,फ़ाईब्रेट्स,फाईब्रेट्स
aalto,ऑल्टो,आल्टो
partanee,परतानी,परतनी
want,वांट,वंट
dostanapurna,दोस्तानापूर्ण,दोस्तानपूर्ण
kshetron,क्षेत्राें,क्षेत्रों
lynch,लिंच,लिन्
ragon,रागों,रागोन
malhotra,मल्होत्रा,मलोहट्रा
pragyatantra,प्रज्ञातंत्र,प्रज्ञातन्त्
duneerti,दुर्नीति,दुनीर्ति
crosse,क्रॉस,क्रोस
dhiryawaan,धैर्यवान,धीर्यवान
time,टाइम,टिमे
ashariri,अशरीरी,अशारीर
chandradas,चन्द्रदास,चंद्रादास
jyotishi,ज्योतिषि,ज्योतिषी
alexandria,एलेक्जेंड्रिया,एलेक्जेंड्राया
bewakoofaanaa,बेवकूफाना,बेवाकूना
uzbek,उज़्बेक,उज़बेक
surendranagar,सुरेंद्रनगर,सुरेन्द्रनग
aalha,आल्हा,अल्हा
krueger,क्रुएगर,क्रूजर
bagli,बागली,बाग्ल
davindarpaal,दविन्दरपाल,दविंदरपाल
chaplusi,चापलूसी,चपलुसी
engines,इंजन्स,एंजीन
mendez,मेंडेज़,मेंडेज
kavi,कवि,काव
midnapore,मिदनापुर,मिडनापर
vrutton,वृत्तों,व्रुतन
sirmon,सिरमोन,सिरमों
vartman,वर्तमान,वार्टमै
pilot,पायलट,पिलोट
dayton,डेटन,डायट
allrounder,ऑलराउंडर,एलराउंडर
nishra,निश्रा,निश्र
wadhawan,वधावन,वाधवा
trimasik,त्रैमासिक,त्रिमासिक
attraikt,अट्रैक्ट,एट्रैक्ट
mansfield,मैन्सफील्ड,मैंसफील्ड
mattancheri,मट्टानचेरी,मत्तांचेरी
kamtar,कमतर,कामा
pityooniya,पिट्यूनिया,पित्यूनिया
purooshottampur,पुरूषोत्तमपुर,पूरूषोत्तमपुर
jubaan,ज़ुबान,जुबाँ
enseeaardablyoosee,एनसीआरडब्ल्यूसी,एन्सियर्ड्यबस्ल
haimbalin,हैम्बलिन,हैंबलिन
omaxe,ओमैक्स,ओमाके
premphalah,प्रेमफलः,प्रेमफेल
narmi,नरमी,नर्म
shrinkhalaon,श्रंखलाओं,श्रृंखाला
jhada,झाड़ा,झड़ा
bindal,बिन्दल,बिंदल
zavala,ज़वाला,ज़वला
aamriyapada,आमरियापाड़ा,आमृयापाड़ा
pratinidhikaree,प्रतिनिधिकारी,प्रतिनिधिकारे
halmatpuraa,हलमतपुरा,हल्मतपुर
macias,मैकियास,मैसियाज
ranjkta,रंजकता,रांजकत
da,दा,डा
bhumi,भूमी,भूमि
tyoharon,त्यौहारों,त्योहारों
uttra,उत्तरा,उत्त्र
penshandhaariyon,पेंशनधारियों,पेन्शनधारियो
dafan,द़फन,दफन
sarhind,सरहिंद,सरहिन्
khaaskar,ख़ासकर,खासकर
gudagaunw,गुडगौंव,गुडागां
sahab,साहब,सहब
udaanon,उड़ानों,उदानों
majesco,मेजेस्को,मजेस्को
keshari,केशरी,केशार
bombi,बांबी,बोम्ब
biji,बिजी,बीजी
gulf,गल्फ,गुल्
kaaloniwaasiyon,कालोनीवासियों,कालोनवियासियो
aavritiyon,आवृत्तियों,आवृतियों
chamach,चमच,चमा
allcargo,ऑलकार्गो,अल्कार्ग
harana,हारना,हराना
chhetthari,छेत्री,छेठरी
pratishthi,प्रतिष्ठी,प्रतिष्ठि
sapa,सपा्,सपा
patki,पटकी,पाटक
liphaaphaa,लिफ़ाफ़ा,लिफाफा
darshana,दर्शाना,दर्शना
garrison,गेरीसन,गररिसन
aakandon,आकंड़ों,आकांडों
dhandon,धंधों,धन्दो
distreebyootaree,डिस्ट्रीब्यूटरी,डिस्ट्रीब्यूरती
khatri,खत्री,खतरी
ravaley,रावले,रवले
kangan,कंगन,कांग
notebandishuda,नोटबंदीशुदा,नोटबेनदुशा
devlaha,देवलहा,देवलाह
jhamaaten,ज़मातें,झमातें
massey,मैसी,मासे
pitamah,पितामह,पितामा
vivaranahbhaarateey,विवरणःभारतीय,विवरणभारतीय
nagercoil,नागेरकोइल,नेगरकॉल
lakhkhi,लख्खी,लखखी
achhi,अच्छी,अछी
satin,सैटिन,सतिन
basirhat,बसीरहाट,बसिरहट
chhelai,छेलै,छेलई
ubarkar,उबरकर,उबाकर
sanyuktavastha,संयुक्तावस्था,संयुक्तवस्था
suri,सूरी,सुरी
vyaktigat,व्यक्तिगत,व्यक्तिगा
mhathir,महाथिर,मथाहिर
hong,हॉन्ग,होंग
langron,लंगरों,लैंग्र
fund,फंड,फण्
flowers,फ्लावर्स,फ्लावरों
badaa,बडा़,बदा
mishra,मिश्रा,मिश्र
shat,षट्,श्ट
manhattan,मैनहट्टन,मेंहट्टन
evening,ईवनिंग,इवनिंग
bagali,बागली,बगली
neeoo,नीऊ,नीओ
jedateeisaft,जेडटीईसाफ्ट,जेदीतीफस्त
machilipatnam,मछलीपट्टनम,मचीलिपट्टन
bhilai,भिलाई,भीलाई
contracting,कॉन्ट्रेक्टिंग,कांट्रैक्टिंग
qraar,क़रार,क्रार
jaun,जौं,जौन
bhaloo,भाालू,भलू
girijagharon,गिरजाघरों,गिरिजाघरो
oxys,ऑक्सीज,आक्सीज
enka,एनका,एंका
chashma,चष्मा,चश्मा
batao,बताअाे,बटाओ
ghrutakumaaree,घृतकुमारी,घ्रुतकुमा
bauer,ब्युर,बौउर
toogaa,टूगा,तूगा
samadjiyon,समाधियों,समदजियों
khurpaka,खुरपका,खुरपाक
mwp,एमडब्ल्यूपी,एमवीपी
suraj,सूरज,सूरा
neuroscientists,न्यूरोसाइंटिस्ट्स,न्यूरोसाइंटिस्ट
chandreshwaranagar,चंद्रेश्वरनगर,चन्द्रेश्वनगर
tanish,टैनिस,तनिश
farukhnagar,फर्रूखनगर,फरुखनगर
awaazon,आवाज़ों,अवाज़ों
danbury,डेनबरी,डानबरी
naidillee,नईदिल्ली,नैदिली
rowan,रोवन,रोवा
sheopur,श्योपुर,शेओपुर
rawlani,रव्लानी,रावलानी
sanvaree,संवरी,साँवर
dhaak,धाक,धक
masse,मस्से,मासे
insurance,इंश्योरेंस,इन्युनर्स
samprbhuta,संप्रभुता,सम्प्रभुत
raashtraa,राष्ट्रा,राष्ट्र
judai,जुदाई,जुड़ा
badamaashon,बदमाशाें,बदमाशों
swayam,स्वयँ,स्वयम
aagah,आग़ा,आग्ह
dhindhwal,ढिंडवाल,ढिंधवाल
nikharen,निखारें,निखरें
baytown,बैटाउन,बैयटन
yooniyanwaadi,यूनियनवादी,यूनिनयावाड
gareebon,ग़रीबों,गरीबों
thousand,थाऊजेंड,थाउंसड
dasila,डसीला,दसीला
kanjentevaaitis,कंजेंटेवाइटिस,कंजेन्टेवेसित
badhaon,बाधाओं,बढ़ाओं
vastvik,वास्तविक,वास्त्वि
uthnee,उठनी,उठीन
lalkarta,ललकारता,लालकर्त
nividaataon,निविदाताओं,निवीदाताओं
neemkathana,नीमकाथाना,नीमकथना
junun,जुनून,जुनन
jagdalpur,जगदलपुर,जगदालपु
swiftlet,स्विफ्टलेट,स्विफलिटे
jalagati,जलगति,जलगती
pitts,पिट्स,पित्त
adanga,अड़ंगा,अदंगा
alasi,आलसी,अलास
vakrangee,वकरंगी,वक्रंज
shawnee,शॉनी,शानी
vishhin,विषहीन,विशिन
kissagoi,किस्सागोई,किस्सोगी
chikitsaevam,चिकित्साएवं,चिकित्सवेम
trenton,ट्रेंटन,ट्रेनटन
priyadarshini,प्रियदर्शिनी,प्रियादर्शिन
hukhookh,हुक़ूक़,हुखूख
shulkah,शुल्कः,शुल्का
rane,राणे,रेने
sanshyon,संशयों,संश्यो
shreneeh,श्रेणीः,श्रेणीह
benitez,बेनिटेज़,बेनितेज
tyohar,त्यौहार,त्योहार
shavyaatra,शवयात्रा,शव्यात्र
rishtey,रिश्ते,रिष्टे
qss,क्यूएसएस,क़ेस
paltane,पलटने,पाल्ट
karneshwardham,कर्णेश्वरधाम,कर्नेश्वरम्
aaryanas,आर्यनस,आर्यना
pratishthanon,प्रतिष्ठानोंं,प्रतिष्ठनों
karaikal,कराईकल,करैकल
vipreetataa,विपरीतता,विप्रीतत
parikshao,परीक्षाओ,परिक्षाओ
fyuji,फ्यूजी,प्यूजी
jutati,जुटाती,जुटती
nano,नैनो,नन्न
orissa,ओडिसा,ओरिसा
thappadhabaajhee,थप्पड़बाज़ी,थप्पाभाज़ी
attahasa,अट्टहास,अत्हस्
pratileetar,प्रतिलीटर,प्रतीलीतर
bhusi,भूसी,भूसि
utpeedan,उत्पीडऩ,उत्पीड़न
bahulya,बाहुल्य,बहुल्या
aswbhavik,अस्वभाविक,अस्वभविक
kathhnaeeyon,कठनाईयों,कठठनायों
vasulta,वसूलता,वसुल्त
satmev,सत्मेव,सतमेव
baksa,बक्सा,बाकसा
man,मैन,मन
buddhijivon,बुद्धिजीवों,बुद्धीजीवों
jodo,जोड़ो,जोडो
tasdeek,तसदीक,तस्दी
harna,हारना,हरना
dillon,डिल्लों,दिल्लों
ratnabhooshan,रत्नाभूषण,रतनाभूषण
sparivar,सपरिवार,स्पारीव
sah,साह,सह
sametti,समेटती,समेटी
pyria,पाइरिया,पायरिया
maamalonmen,मामलोंमें,मामालोंमे
braat,बरात,ब्रा
vaiisan,वैइसन,वैसन
villa,विला,विल्
chellani,चेलानी,चेल्लन
electronics,इलेक्ट्रॉनिक्स,इलेक्ट्रानिक्स
rishiraj,ऋषिराज,रिशिरा
udaipur,उदयपुर,उदाईपु
pagla,पगला,पागल
emrald,एमरल्ड,एमराल्
oklahoma,ओक्लाहोमा,ओकलाहोमा
jhaohuee,झाओहुई,झौहुई
uppidan,उप्पीड़न,उपीड़न
duar,दोआर,दुअर
avi,अवि,एवी
jadet,जड़ित,जादेत
taiboo,टैबू,तैबू
programmers,प्रोग्रामर्स,प्रोग्राम्रे
taylorsville,टेलर्सविले,टायलरोस्वि
chadron,चादरों,चद्रों
obrayan,ओब्रायन,ओब्रेयन
krutya,कृत्या,क्रुत्
peeran,पीरान,पीरन
mayur,मयूर,मायू
chaudhawan,चौदहवां,चौधवान
swargadoot,स्वर्गदूत,स्वर्गाूत
independet,इंडिपेन्डेट,इंडीपेंडेट
gurdon,गुर्दों,गुर्डों
samanwayaka,समन्वयक,सामनवाय
praarambhikataa,प्रारंभिकता,प्रारम्भिकत
udant,उदंत,उदान
dynamatic,डायनामेटिक,डायनामैटिक
lalaniyaa,ललानिया,ललनिया
wadaraa,वदरा,वडरा
fadfadaen,फड़फड़ाएं,फड़फड़ाएँ
traded,ट्रेडेड,ट्रेड
youngstown,यंगस्टाउन,यांगस्टाउ
aaryam,आर्यम्,आर्यम
bajpai,बाजपेयी,बाजपेई
nau,नाऊ,नौ
evav,एवव,इवा
lagataar,लागातार,लगतार
padanee,पड़नी,पदनी
mindtree,माइंडट्री,मिंद्त्री
distributary,ड्रिस्ट्रीब्यूट्री,डिस्ट्रीब्यूरी
jankaron,जानकारों,जनकरों
offshore,ऑफशोर,ओफ़्श
dumghontu,दमघोंटू,दुमघांट
videoh,वीडियोः,विदेयोह
rajman,राजमां,राजमान
kainawij,कैनविज,कैनावी
galaxion,गैलेक्सियों,गैलेक्शन
jivaniya,जीवनियां,जीवणिया
hakikat,हकीकत,हाकिक
augustine,अगस्टाइन,अगस्टीन
bitane,बीताने,बिटाने
bairaadh,बैराढ,बैराध
jwar,ज्वार,ज्वेर
fatama,फातमा,फतामा
vives,विवेस,वाइव्
dwt,डीडब्ल्यूटी,डीवीटी
pitne,पीटने,पिटने
bichchon,बिच्चों,बिच्छों
sevala,सेवाला,सेवला
bataur,बताैर,बतौर
aditya,आदित्या,आदित्य
chheter,छेत्र,छेटर
mukarte,मुकरते,मुकर्त
enthe,ऐंठे,एंथे
beeeseses,बीएसएसएस,बीसेस
banjajasam,ब्ंजजसम,बंजजासम
linmarga,लिंमर्ग,लिनमार्
focus,फ़ोकस,फोकस
sreeleathers,श्रीलेदर्स,श्रीलीथर्स
mahankmadaan,महंकमदान,महानकमाड
ghunsa,घूंसा,घुंसा
kshatriyaadi,क्षत्रियादि,क्षत्रियादी
mehaman,मेहमान,मेहमन
jaikara,जयकारा,जयकरा
chabutre,चबूतरे,चबुत्र
truck,ट्रक,ट्यू
neurovascular,न्यूरोवेस्कुलर,न्यूरोवास्क्यु
nations,नेशंस,नेशन्
paathshaalaayein,पाठशालाएं,पाठशालाये
lidaron,लीडरों,लिदारो
tanla,टेनला,तनला
sevakon,सेवकों,सेवाको
poorvapekshaon,पूर्वापेक्षाओं,पूर्वपेक्षाओं
mani,मणि,मनी
somvar,साेमवार,सोमवार
pran,प्राण,प्रन्
avegyanik,अवैज्ञानिक,अवेज्ञानिक
aviation,ऐवीऐशन,एवियेश
brown,ब्राउन,ब्रॉन
janjagran,जनजागरण,जनजग्रा
rajnandgaon,राजनंदगांव,राजनन्गांव
larry,लैरी,लारर
bhalu,भाालू,भलु
refractories,रिफ्रेक्टरीज़,रीफ्रेक्टररीज
kav,काव,कव
emerald,एमरल्ड,एमेराल
vivekaadheen,विवेकाधीन,विवेकधीन
fadfadaaen,फड़फड़ाएं,फड़फड़ाएँ
kaylana,कायलाना,कयलना
paints,पेंट्स,पेन्ट्
pittsburgh,पिट्सबर्ग,पित्तसब्र
sacchidanand,सच्चिदानंद,सच्चीदानंद
charon,चारों,चरों
rizvi,रिज़वी,रिजवी
danpati,दंपति,दनपति
doorgadh,दूर्गध,दूरगढ़
latakkar,लटककर,लाटकक
mehmaan,मेहमान,मेहमाँ
ataher,अतहर,अतहे
prakandh,प्रकाण्ड़,प्रकंध
changed,चेंज्ड,चेंज
francisco,फ्रांसिस्को,फ्रैन्सिक्स
bhagane,भगाने,भगने
adangaa,अड़ंगा,अदंगा
fixingh,फिक्सिंगः,फिक्सिंह
kamau,कमाऊ,कमाउ
tikone,तिकोने,टिकोने
pam,पैम,पाम
tarikon,तरीक़ों,तरीकों
kidwai,किदवई,किदवा
janeudhari,जनेऊधारी,जानेधरी
davenport,डेवनपोर्ट,डेवेनप्रॉ
preranaapuree,प्रेरणापुरी,प्रेराणपुरी
mahasinh,महासिंह,महासिनह
lordaa,लोरदा,लोरडी
introduction,इंट्रोडक्शन,इंट्रोड्क्श
grishmotsav,ग्रीष्मोत्सव,ग्रिषोम्तसव
talaashegaa,तलाशेगा,तलाएगी
granthiyan,ग्रंथियां,ग्रंथियाँ
aliance,अलायंस,एलियें
tagde,तगड़े,तागडे
chinke,छींके,चिंके
letakar,लेटकर,लेटाक
tyres,टायर्स,टायरिस
nrutyon,नृत्यों,न्रुत्य
deerfield,डियरफील्ड,डीरफील्ड
bethlehem,बैथलहम,बेथलेह
fineotex,फिनोटेक्स,फिनियेटेक
dubaana,डुबाना,दुबाना
karaboriyon,काराबोरियों,कराबोरियों
golamuree,गोलमुरी,गोलामुर
raakhnau,राखणौ,राखना
vipanak,विपणक,विपान
punchang,पंचांग,पुंचां
breed,ब्रीद,ब्रेड
awp,एडब्ल्यूपी,एव्प
baji,बाज़ी,बाजी
prapt,प्राप्त,प्रैप्ट
naksalwaad,नक्सलवाद,नक्सलवाड
kanthahar,कंठहार,कांथहर
oxide,ऑक्साइड,आक्सीडे
khairati,खैराती,खैरती
sunaseer,सुनासीर,सुनसीर
aphasaron,अफसराें,अफ़सरों
chabate,चबाते,चबते
miti,मिति,मिटी
belcha,बेलचा,बेल्च
saflata,सफ़लता,सफलता
shbana,शबाना,श्बान
khaatootolaa,खातूटोला,खातूतोला
shivastava,शिवास्तव,शिवस्तवा
preranapuree,प्रेरणापुरी,प्रेरणपुरी
